cups,media_invierno,std_invierno,skewness_invierno,kurtosis_invierno,energia_fft_invierno,frecuencia_dominante_invierno,mediana_invierno,p25_invierno,p75_invierno,media_otoño,std_otoño,skewness_otoño,kurtosis_otoño,energia_fft_otoño,frecuencia_dominante_otoño,mediana_otoño,p25_otoño,p75_otoño,media_primavera,std_primavera,skewness_primavera,kurtosis_primavera,energia_fft_primavera,frecuencia_dominante_primavera,mediana_primavera,p25_primavera,p75_primavera,media_verano,std_verano,skewness_verano,kurtosis_verano,energia_fft_verano,frecuencia_dominante_verano,mediana_verano,p25_verano,p75_verano,media_anual,std_anual,skewness_anual,kurtosis_anual,energia_fft_anual,frecuencia_dominante_anual,mediana_anual,p25_anual,p75_anual
0114f2a9ef8e,0.4044078703703703,0.2963471364943951,2.2578370454596963,8.964683421728624,1085.9069559999998,180.0,0.357,0.20175,0.483,0.3894054487179487,0.2337077491884919,2.2447626113948296,7.577663649056076,900.9258389999998,182.0,0.36,0.245,0.45225,0.3680903532608695,0.2477405382837341,2.0021079472023104,6.147341989152263,869.359737,184.0,0.336,0.189,0.443,0.4474665750915751,0.2100606200225085,1.695107199925159,5.911698148534885,1067.328662,182.0,0.434,0.305,0.53725,0.4022427884615384,0.2505219491961485,2.089272357640773,8.025484424068978,3923.521193999999,728.0,0.371,0.23875,0.484
011952cf0a27,0.4212192129629629,0.2751777133715912,2.828941163460989,25.092681012135937,1093.601085,180.0,0.392,0.257,0.547,0.4120716575091575,0.2610329371362229,1.4139746966269908,5.272927381812071,1039.327359,182.0,0.391,0.219,0.529,0.4261582880434783,0.274165976865511,2.578509348851059,23.15411976648741,1133.931071,184.0,0.397,0.253,0.548,0.4642282608695652,0.254330937016689,1.3790160048281086,5.309037781926687,1237.3283299999998,184.0,0.44,0.2987499999999999,0.596,0.4310241438356164,0.2670328345880435,2.087936679447433,15.667299945147676,4504.187845000001,730.0,0.404,0.259,0.556
02b3106d73c7,0.6708344907407408,0.5951383053272543,0.8254393016881457,0.1546381145965281,3474.180791,180.0,0.559,0.103,1.0862500000000002,0.4111039377289377,0.4324643643908833,1.7041541797458502,2.42967130948834,1555.1472260000005,182.0,0.203,0.118,0.55925,0.4196148097826087,0.4618882680311341,1.583800955511679,2.415616852289704,1719.667065,184.0,0.182,0.083,0.629,0.2404879326047358,0.3243845262842069,7.856502503554403,169.89542866540404,716.158495,366.0,0.121,0.096,0.24,0.4345535550983082,0.4876893873049486,1.951991075885588,9.503230603816853,7465.153577,2.0,0.181,0.098,0.644
03c8338d7f1d,0.2518969907407407,0.3057929625038325,2.6747043847618475,9.066354773684672,678.0733770000003,360.0,0.121,0.084,0.324,0.1987275641025641,0.2574192669242339,3.3096590832963493,11.550177448703629,461.94799000000006,182.0,0.121,0.086,0.163,0.2068677536231884,0.2614853668835584,3.0534089525628816,9.950855111809751,490.921706,184.0,0.121,0.087,0.162,0.1723541666666666,0.1890753570336462,4.0053501121884345,17.623812324532764,285.90940300000005,364.0,0.131,0.093,0.165,0.207337912087912,0.2583039940691023,3.2088317126504413,11.873729071464952,1916.852476,1456.0,0.123,0.087,0.173
04666163609d,0.3942759259259259,0.490545696019649,1.689071337463468,2.7040345100190875,1711.1026900000002,180.0,0.1455,0.053,0.62725,0.1897625915750916,0.2597881307825312,2.6940223384670627,8.378325811517577,452.086751,182.0,0.088,0.05,0.209,0.2209370471014493,0.2939200481053255,2.837436568951931,9.744387170825778,597.0527979999999,184.0,0.101,0.055,0.251,0.1941104280510018,0.1838290153533747,2.6112448091747886,9.469757850576668,313.904871,183.0,0.126,0.087,0.245,0.2492195930498399,0.3370390257643387,2.7041372397911383,8.865551216855348,3074.14711,729.0,0.107,0.059,0.274
07efa654691a,0.5251511574074075,0.5934414489305964,1.2374585585718725,0.7360481913047727,2712.7720430000004,360.0,0.2,0.06875,0.855,0.4069468864468864,0.509832156913338,1.7040312748112325,2.003761301610345,1858.735118,364.0,0.1714999999999999,0.08,0.503,0.465530570652174,0.5361534641396188,1.3407663943622423,0.4909348076443542,2226.455565,368.0,0.187,0.09175,0.677,0.3596348443223442,0.4954756831617012,1.8456849771452384,2.7813617719542325,1637.272177,1.0,0.123,0.063,0.3835,0.4391520718864469,0.5384527260541189,1.5122088336954511,1.382702780739832,8435.234902999999,728.0,0.172,0.077,0.64025
08565e582514,0.1858231481481481,0.2890799441223705,4.237489112166555,23.87553973448662,510.181012,180.0,0.088,0.047,0.201,0.1830460164835165,0.2595699783504855,3.852047550079126,18.191730557194436,440.654401,182.0,0.098,0.055,0.192,0.1830803894927536,0.2573786545999665,4.239590954499616,24.07652974293488,440.549879,184.0,0.1,0.054,0.196,0.2623030510018215,0.3647537032497507,2.821453831856461,8.498065319191234,886.5170949999998,183.0,0.125,0.07375,0.232,0.2036362025605852,0.2978722992977315,3.687568552657778,16.769388622424746,2277.902386999999,729.0,0.104,0.056,0.205
0d9678df292f,0.4722400462962963,0.5373595376485373,1.7982941192526307,4.675307385544726,2210.828835,180.0,0.277,0.075,0.67825,0.3222570970695971,0.3882278802055081,1.8700244312579044,3.4128866533618467,1111.964047,182.0,0.137,0.066,0.45125,0.4402930253623188,0.498463072824327,1.6088611551552603,2.289032034630985,1953.3000600000005,184.0,0.182,0.083,0.62825,0.3080215201465202,0.512058795160984,2.812420160444152,10.564790951947876,1559.731846,182.0,0.107,0.0,0.37625,0.3856151556776556,0.4924890885156091,2.0725380457751656,5.782530076003734,6835.824788,728.0,0.146,0.066,0.53125
0e6a45c8d43b,0.4444275462962962,0.5273808175264866,2.9510823516552147,13.412965017957482,2054.7923210000004,180.0,0.227,0.142,0.529,0.3840057234432234,0.3868718869098161,2.893656631116662,10.32410578783078,1297.864943,182.0,0.243,0.169,0.43225,0.4162891757246377,0.4462333400562564,2.775970636247365,9.19612271948071,1644.610569,184.0,0.25,0.16675,0.467,0.3879959016393443,0.3228581341015226,3.069105530031766,12.84416581516945,1118.9858299999996,183.0,0.278,0.212,0.447,0.4080747027892089,0.4278494481516726,3.081675158533784,13.87651522843584,6116.253662999999,729.0,0.253,0.171,0.46625
11c65598e4aa,0.0791287037037037,0.0600847866227783,2.509415983178255,15.814486790720998,42.645024,720.0,0.072,0.036,0.103,0.0703047161172161,0.0439974124667072,2.285228092293341,12.64396032816885,30.045399,2.0,0.063,0.041,0.086,0.0825036231884058,0.0791212178017864,13.274169494081008,289.7174374256068,57.703938,184.0,0.071,0.045,0.106,0.0840309653916211,0.0597054583364873,19.305897876913136,607.1047105440765,46.66915,4.0,0.079,0.054,0.11,0.0790081732967535,0.0622730813561709,11.97391924703232,326.79281583846887,177.06351099999998,729.0,0.07,0.045,0.103
127a14c3f85b,0.634619212962963,1.3763602926678442,2.434350755849421,5.080683572561824,9923.511747,180.0,0.058,0.031,0.122,0.2185679945054945,0.8145941091638459,5.878670600520822,35.041713434869266,3107.113599,182.0,0.052,0.037,0.083,0.2584470108695652,0.7011109500080124,4.546528611550368,22.617732399969285,2465.6798779999995,184.0,0.047,0.034,0.098,0.0789187158469945,0.0851948692804955,5.422161835831939,36.8328950122603,59.231959,1.0,0.055,0.044,0.083,0.2963061842706904,0.8951501019411175,4.439719291883565,20.44130232603373,15555.537183000002,729.0,0.054,0.037,0.09
17a509e5b3fd,0.383294212962963,0.4167997451523966,1.5838877025694336,4.391608262108143,1385.149599,720.0,0.228,0.056,0.669,0.2692994505494506,0.2886731528485499,1.8827342457004137,4.503619439037494,680.7719460000002,728.0,0.137,0.077,0.381,0.2831734601449275,0.3127945869212418,1.7991394045633735,3.724598213842528,786.170156,736.0,0.136,0.07,0.40925,0.2197821557971014,0.1863743107386947,2.633793218101017,11.724402955853376,366.702784,736.0,0.152,0.099,0.287,0.2884236872146119,0.317069271702001,2.091912119977669,6.86764398671242,3218.794485,2920.0,0.152,0.077,0.403
19153be7ac88,0.1963988425925925,0.2949560339938838,3.760121515342872,17.504684260402893,542.469171,180.0,0.098,0.059,0.18325,0.1857067307692307,0.2537602987508014,3.819124135049664,17.23067212400484,431.913427,182.0,0.11,0.072,0.17025,0.181995018115942,0.2617891945873952,3.9281194137438487,21.608186485976017,448.911876,184.0,0.101,0.065,0.162,0.1423852459016393,0.2003009621723314,4.233088302274541,22.06683965901188,265.25059600000003,1.0,0.111,0.056,0.15,0.1765349794238683,0.255628148415807,3.992906184554788,20.508898591328418,1688.5450699999997,729.0,0.105,0.064,0.163
1a0b9aa571b5,0.3315581018518518,0.3189456724812945,2.7740765303623744,13.834175732362212,914.358745,180.0,0.219,0.148,0.39625,0.2540815018315018,0.2648062430899798,2.811642292884246,13.067668239135042,588.2811740000002,182.0,0.174,0.091,0.292,0.2597194293478261,0.2441056850133437,3.451282939745639,19.787179534272685,561.0164450000001,184.0,0.186,0.134,0.277,0.2881863553113553,0.2882607383522094,2.335008577120922,5.767838846621046,725.7241060000002,182.0,0.185,0.115,0.309,0.283188988095238,0.2818733838230542,2.8293805080656305,12.964561134860352,2789.38047,728.0,0.19,0.122,0.313
1bd2d65d3ee4,0.2654446759259259,0.1761615964118114,3.478789937980399,20.61241933142733,438.4531470000001,180.0,0.234,0.16475,0.318,0.2070668498168498,0.1584867098458689,2.8814686218962,16.107828942239255,297.000926,182.0,0.187,0.108,0.27,0.222539402173913,0.1721405551579214,3.30974339179762,18.67094992137998,349.55358600000005,184.0,0.185,0.119,0.275,0.3326521739130434,0.315898856919814,2.4331249174198724,6.532643321621764,929.345242,2.0,0.234,0.159,0.343,0.257015696347032,0.2211728113533288,3.2715570928954425,15.05728029328883,2014.3529010000004,730.0,0.212,0.133,0.301
1c8a857523c6,0.2578902777777778,0.2317432727017451,2.415609450964928,8.139956296847647,519.317308,180.0,0.188,0.13,0.283,0.2032772435897435,0.2181807844050685,2.816358160153907,10.717626869265084,388.422183,182.0,0.129,0.071,0.219,0.2211360960144927,0.2109030022548783,2.542050274906155,9.798946100981189,412.37159700000007,184.0,0.15,0.097,0.241,0.2801402550091074,0.2371518556575708,1.3491162300350763,1.5984498936291578,591.6883300000001,183.0,0.185,0.101,0.423,0.240564357567444,0.2267144614861316,2.2007774601024908,6.724560394327847,1911.7994180000003,729.0,0.16,0.097,0.282
20eff1413834,0.2828606481481481,0.4669657048113386,2.9273405427183485,9.31476225944359,1287.6499400000002,1.0,0.102,0.054,0.20425,0.1310782967032966,0.1594810460037851,5.714654070851129,42.27857745861228,186.145482,1.0,0.103,0.06,0.147,0.1266245471014493,0.1531142857084848,7.703406993314252,88.23672643651408,174.33379000000002,184.0,0.105,0.061,0.142,0.2207062728937729,0.2426755407415504,2.9171150215088058,9.537118951624306,470.00849299999993,182.0,0.146,0.108,0.19,0.1898882211538461,0.2918439178859932,4.471572002962187,25.17429094950905,2118.137705,4.0,0.116,0.068,0.161
259e3b12740a,0.5924719907407408,0.5806978302429024,1.128511102236104,0.6192406381124762,2973.166689,180.0,0.343,0.146,1.00275,0.3682506868131868,0.3359577912128762,2.3226435641665364,6.683573209033353,1085.3440670000002,182.0,0.262,0.15,0.45325,0.4137853260869565,0.4401625781679524,1.9437508004271484,3.958325469823164,1611.6695039999995,184.0,0.252,0.147,0.52825,0.3241545992714025,0.3557740675831208,2.5874138621562137,7.732858176430719,1017.4129109999998,183.0,0.159,0.151,0.3502499999999999,0.4240375514403293,0.4499196642669114,1.91988349193574,3.755385771982306,6687.593170999999,729.0,0.248,0.149,0.524
27233c281b84,0.589069675925926,0.6020357705218669,1.4519413992032084,1.9897424010610176,3064.824657,180.0,0.413,0.12,0.823,0.4540153388278387,0.4612935164588718,1.8755526102665931,4.189153674978892,1829.8497070000003,182.0,0.2795,0.12775,0.61825,0.5150264945652174,0.5126209131623912,1.757315279644519,4.88998825635367,2331.791479,184.0,0.376,0.12975,0.7072499999999999,0.4230437158469945,0.4415113103420601,2.441147814534887,9.336712802586783,1642.160994,183.0,0.249,0.14,0.589,0.4949865683584818,0.5117448926500211,1.8574659245714664,4.535813817168997,8868.626836999996,729.0,0.315,0.13,0.668
277f70c6024c,0.6101518199233716,0.4782339787645413,1.3069820140761623,1.9151396762192023,2509.746692,174.0,0.488,0.214,0.8412499999999999,0.5320260989010989,0.3996044928331934,1.6209956411888382,2.905054726729401,966.9343769999998,91.0,0.39,0.231,0.73225,0.4322221467391304,0.3917251776776047,1.849542892938833,3.4899539217314324,1502.6084689999998,184.0,0.268,0.165,0.589,0.4843858122362869,0.4249372653365472,1.5892029907578458,2.6632114945934973,1574.443309,2.0,0.3795,0.168,0.64225,0.5117670922570016,0.4335507757744544,1.5693071179402618,2.652968635359561,6553.732847000002,607.0,0.367,0.19,0.706
29abdc229bd7,0.1606975574712643,0.2508194954631296,3.431566620460896,13.376990719857986,247.035802,116.0,0.081,0.033,0.16,0.1459203296703296,0.2290487956648009,4.040426367763122,19.61354240442987,161.08330800000002,91.0,0.083,0.04,0.137,0.1604114583333333,0.2534211572091857,3.755070810620167,16.705745662276023,397.237389,184.0,0.084,0.044,0.145,0.1577695147679325,0.2345189868856914,4.128625801583334,20.531561231659268,302.94430199999994,158.0,0.091,0.051,0.157,0.1573095780206435,0.2436571672164564,3.826825581232304,17.37572217515156,1108.300801,549.0,0.085,0.044,0.15
2b6fe1934f34,0.21775,0.1345477575958591,4.83274745445952,46.255084807703874,283.03845800000005,360.0,0.178,0.142,0.24725,0.245099358974359,0.1091371638385596,2.83174209781986,13.704220470323428,314.428804,364.0,0.226,0.173,0.279,0.225091938405797,0.1111409707074457,3.219858875920583,17.017409845472685,278.290562,368.0,0.197,0.155,0.256,0.2855797101449275,0.0738952296752406,3.3073623777201657,25.103984392534084,384.2638739999999,368.0,0.271,0.249,0.309,0.2435159817351598,0.11233438177628,3.49506620309278,30.11342069189452,1260.021698,1460.0,0.234,0.167,0.282
2e1cb9ed40da,0.5438853406326034,0.6325058446239052,1.6062101297872171,3.71017138642177,2288.036695,137.0,0.241,0.052,0.91525,0.4003113553113553,0.522091787310001,1.7853455889431638,2.9532027394330287,945.2985699999998,273.0,0.1755,0.043,0.5515000000000001,0.5046517210144927,0.5923348368578125,1.473532130563598,1.820732276164163,2674.037784,184.0,0.216,0.061,0.79825,0.5172449894514768,0.5911386538460212,1.4573715093572572,1.6633609741542656,2339.6157929999995,158.0,0.222,0.078,0.8222499999999999,0.5009144736842105,0.5932408883441683,1.5599572938965216,2.566442763552443,8246.988841999999,570.0,0.2135,0.065,0.798
2e4065ba71b8,0.372805787037037,0.422541244988593,1.5446025473021174,2.7026708968547286,1371.709117,180.0,0.188,0.038,0.59925,0.2113566849816849,0.2356995075283016,2.2877403096176687,5.468463405404975,437.786758,182.0,0.165,0.049,0.226,0.2016091485507246,0.2279781790735581,2.485204696323829,8.057409888857068,409.01124,184.0,0.159,0.041,0.22925,0.2666156648451731,0.2956660834244971,2.080658377804757,4.353537683825414,696.1423020000001,183.0,0.178,0.06375,0.282,0.2626319730224051,0.3124322640146116,2.220497833360861,6.0642557805436645,2914.649417,729.0,0.17,0.052,0.279
2e8f61c97ff0,0.7191168981481482,0.6534712620077551,0.7958170737175393,0.0194627365450874,4078.744431,180.0,0.6345000000000001,0.114,1.135,0.3963221153846153,0.3848791815397459,1.769448576154783,3.380745051762956,1333.127593,182.0,0.294,0.121,0.521,0.469464447463768,0.5048404819667238,1.655981098418423,3.1875240050911184,2098.751603,184.0,0.278,0.111,0.72925,0.3629429945054945,0.2641224362991541,2.321955268820707,8.289473358341313,880.100801,182.0,0.3355,0.171,0.446,0.4862757554945055,0.4937349879139709,1.6716704889822018,3.028856062492368,8390.724428,728.0,0.318,0.127,0.67325
30c53527a644,0.3430916666666666,0.3387314186854087,2.0631335027012123,3.8743984856516,1004.18774,180.0,0.208,0.15,0.359,0.220900641025641,0.2208145670087281,2.9221918074423816,10.183641624853498,426.1253339999999,182.0,0.146,0.104,0.24,0.2455307971014493,0.2326137071040698,2.8536946653308006,9.638109430295,505.1661520000002,184.0,0.1605,0.117,0.26225,0.2995614754098361,0.2595540484238235,2.051249607332258,3.5425152982298096,690.006836,183.0,0.196,0.156,0.308,0.2770340649291266,0.2707659538108538,2.476537738845099,6.528087836737958,2625.486061999999,729.0,0.177,0.125,0.289
31a15c8a5985,0.0505335648148148,0.0254429242014695,2.5351779645370103,24.449709243289984,13.828249,241.0,0.052,0.036,0.059,0.0566231684981685,0.0376984484605699,6.277932746537254,72.2358456090252,20.212292,5.0,0.056,0.038,0.065,0.0523272192028985,0.0244884260236339,6.310519754724204,99.16514845795392,14.739817,2.0,0.051,0.044,0.058,0.0721279761904761,0.0385811352548437,23.85264322670559,814.1980258544784,29.22606500000001,2.0,0.069,0.059,0.079,0.0579079097985348,0.033336576216053,12.667106431695766,419.2833441890632,78.006423,2.0,0.056,0.046,0.067
320c764758d0,0.6331865740740741,1.319166237244727,2.2153215729646822,3.651303689708951,9249.659132,180.0,0.054,0.032,0.141,0.1638582875457875,0.5431741286113247,6.039088666223762,38.2056518274449,1406.0053529999996,2.0,0.052,0.033,0.079,0.324026268115942,0.925560219962687,3.749300046870903,14.038751210296514,4246.667346,184.0,0.052,0.033,0.087,0.0799824681238615,0.0730831668908597,5.003725332654756,32.810911503186745,51.554809000000006,183.0,0.066,0.044,0.09,0.2991130544124371,0.874776856920862,3.988743477206296,15.69500665802665,14953.88664,729.0,0.056,0.036,0.091
3341083403f9,0.0534729166666666,0.0594091136528022,6.090663094143848,70.85388854388302,27.599597000000003,180.0,0.041,0.013,0.08,0.0536806318681318,0.0481369371320045,5.613889428145498,73.45494001492213,22.708249,182.0,0.046,0.023,0.07,0.0527923460144927,0.0486975809345831,5.594616869411234,58.396407194419055,22.779875,368.0,0.045,0.023,0.068,0.072625,0.0697003758208802,8.470429949151736,93.47561243862116,44.502085000000015,183.0,0.063,0.057,0.071,0.0581607224508459,0.0577778856284943,7.147798244967193,88.49666310689256,117.58980599999994,1458.0,0.05,0.026,0.071
3395624729d9,0.3579868055555555,0.3875694830918125,1.5162024003233987,3.096099377387296,1202.535319,180.0,0.191,0.041,0.599,0.2208814102564102,0.2632155712411382,2.0756063114953363,4.649222307884368,515.734278,182.0,0.1714999999999999,0.036,0.26325,0.2820885416666666,0.3249108302910903,1.951432797098233,4.08214846069,817.582625,184.0,0.185,0.043,0.337,0.1783122735507246,0.2600639267733613,2.591481591606324,8.44878671930146,439.076313,184.0,0.0665,0.0,0.21925,0.2593860159817351,0.3201886189946029,2.0191079701021923,5.011406960580471,2974.928535,730.0,0.172,0.034,0.326
3446f68001b1,0.2731976851851851,0.2958228985549571,1.7230667448327848,3.3249781330361863,350.240031,90.0,0.179,0.043,0.402,0.2308795787545787,0.2216488342780509,1.681822348700135,4.387060275910606,223.714951,91.0,0.166,0.05475,0.3492499999999999,0.2218756510416666,0.2047361428355284,1.3819050162622872,2.1950677654014505,279.9995679999999,128.0,0.161,0.057,0.34,0.2199620253164557,0.1790688619308161,1.4392655011321187,1.4329937208046557,305.0624179999999,316.0,0.138,0.092,0.301,0.2328734832262669,0.2217650435231798,1.7794161165591642,4.4869807500463805,1159.016968,467.0,0.158,0.078,0.34
35d9bd5323b9,0.3250789351851851,0.3144244889929787,2.477886631826561,9.308219717139629,883.608797,180.0,0.216,0.12,0.37925,0.3121410256410256,0.3030438694261118,2.4043012478856065,7.331928796382124,826.7209059999999,182.0,0.2105,0.121,0.361,0.2996764039855072,0.2854879636624399,2.3687044819668817,6.982894620341943,756.501977,184.0,0.197,0.119,0.34,0.3535224184782609,0.3170932782988933,2.3957149825177875,8.068428763293419,995.9239089999998,184.0,0.243,0.151,0.428,0.322619805936073,0.3058795968511554,2.4186612257982056,8.09517879804,3462.7555890000003,730.0,0.215,0.127,0.377
38194b2cee3c,0.6597372685185185,0.563924104018031,2.132793195852108,5.349764337730862,3254.099005,180.0,0.421,0.302,0.8282499999999999,0.4632829670329671,0.4851061338907698,2.3935244956001296,6.513027640973903,1965.4212120000004,182.0,0.2845,0.169,0.517,0.4587522644927536,0.5146558150950754,2.7218583203267364,9.830458534640249,2099.0318799999995,184.0,0.259,0.165,0.491,0.7220054945054944,0.5669802742424703,1.262363055672401,2.008289243851705,3681.169414,182.0,0.612,0.225,1.038,0.575392342032967,0.5463391512135782,2.001502246785257,4.996912535930576,10999.721511,728.0,0.358,0.205,0.775
3834b65f3a70,0.3884837962962963,0.5407707173275208,1.7481438217533851,2.7384111259231325,1915.283356,180.0,0.066,0.043,0.5882499999999999,0.1853047161172161,0.3198596444935817,3.5667858709775366,14.900922656244369,596.878595,182.0,0.069,0.052,0.123,0.2618113677536232,0.4337413318969892,2.59132139435199,7.000537018339637,1133.4844629999998,184.0,0.066,0.049,0.176,0.1524929800724637,0.2081803734397246,4.199495178708365,20.819308245027912,294.0754689999999,184.0,0.09,0.063,0.142,0.2464171803652968,0.4051524943915369,2.792622753958574,8.49017188125511,3939.721883,730.0,0.074,0.051,0.163
3a04ebb76f6a,0.3044532407407407,0.2370911600712731,3.6393664350380823,20.74014120459837,643.2652539999999,360.0,0.233,0.175,0.317,0.2251046245421245,0.2141213246353461,2.940759804100902,11.76152359425235,421.599507,364.0,0.16,0.096,0.251,0.2414784873188406,0.2340653727529708,3.614785928551635,23.52977944096049,499.442793,368.0,0.173,0.106,0.265,0.2439303278688525,0.2744838261698751,3.090780955785075,10.527402194811811,592.232106,183.0,0.143,0.109,0.228,0.2535554412437129,0.2428346133035129,3.2857017024513584,16.087777308102112,2156.53966,1458.0,0.178,0.119,0.272
426fb012b93d,0.1152979166666666,0.1033004938647282,5.037459263528449,44.9989170106347,103.527079,180.0,0.09,0.057,0.141,0.1154743589743589,0.0828651911860666,5.689999244721438,61.86024449644438,88.23782599999998,182.0,0.099,0.068,0.14,0.1168768115942029,0.1238281986363172,5.08925208826018,33.39416509191805,128.03578999999996,184.0,0.086,0.06,0.131,0.1418321886446886,0.1062082540207347,5.33525269004496,37.53179805482532,137.14018700000003,182.0,0.121,0.093,0.161,0.1223746565934066,0.105722255791373,5.275059392812735,41.7121632316238,456.940882,728.0,0.102,0.067,0.144
43418b1f8c9d,0.0745599537037037,0.1029462850677823,5.417116812933661,39.17045459605298,69.79877699999999,180.0,0.042,0.03075,0.083,0.0607051282051281,0.0793126524700402,9.164566462733571,105.15182845718802,43.573462,182.0,0.045,0.037,0.062,0.0583573369565217,0.0846283249222155,12.75597415875852,232.30474876823573,46.666222000000005,184.0,0.042,0.035,0.059,0.0712008196721311,0.0537922555491911,6.758060326851562,72.34178868838967,34.974214,2.0,0.061,0.045,0.087,0.0661682098765432,0.0822672299093634,8.666083550051864,115.18084779451212,195.012675,729.0,0.046,0.037,0.075
43c6b2a5a249,0.1884627314814815,0.2955118323443276,3.2004872463182843,10.001736287726697,530.692319,180.0,0.097,0.053,0.162,0.1154665750915751,0.0840490561883086,4.195901772528866,39.96058569158967,89.09310799999999,182.0,0.096,0.063,0.144,0.1286779891304348,0.1607388765539049,6.236730268615706,46.92831582420007,187.21637,184.0,0.096,0.058,0.15,0.1599451992753623,0.0697383936927973,0.5553733712835732,1.517322097206101,134.44914,2.0,0.162,0.104,0.201,0.1480066780821917,0.1784091009966053,5.225902714196547,32.8907871575163,941.4509370000002,730.0,0.11,0.064,0.172
49771a22ec98,0.1962405092592592,0.158029289296847,3.0378901437268984,15.994346204763882,274.24912500000005,360.0,0.167,0.091,0.232,0.1260602106227106,0.1404139070211256,2.3683160664639877,8.993054608081176,155.532433,1.0,0.097,0.0,0.188,0.1498317481884058,0.1519019262444116,2.4447432346452724,8.798215681718391,201.032871,1.0,0.107,0.078,0.195,0.1775867486338797,0.2247099754700876,2.2013495721252414,5.367112752504466,360.28290300000003,2.0,0.123,0.0,0.213,0.1623232738911751,0.1740638845787915,2.556458820887741,9.608046037882556,991.0973319999996,4.0,0.116,0.076,0.204
4b5a8b35b128,0.1836516203703703,0.2177075375789058,3.034782408330599,11.804021272898256,350.457795,180.0,0.104,0.06,0.209,0.2019251373626373,0.2190040730256235,2.951572844950877,10.993419085373873,387.60122899999993,182.0,0.122,0.072,0.234,0.1815604619565217,0.2044127867256853,2.8937600079214314,11.56511179522566,330.0906510000001,184.0,0.106,0.06,0.209,0.3818011775362319,0.2864178331451115,1.278679351059152,2.237775424531474,1005.9971,184.0,0.343,0.15175,0.50725,0.2376249429223744,0.2488408316643822,2.20095456347763,6.103812493610921,2074.146775,2.0,0.134,0.068,0.32
4d0a1993dfcd,0.1021717592592592,0.1029374838984781,2.5368702257739955,8.724042036390983,90.87203800000002,180.0,0.069,0.037,0.138,0.0745176282051282,0.066466994898657,1.107054735991816,3.565011889604082,43.552185,2.0,0.07,0.012,0.118,0.103552536231884,0.0752072977741858,2.081215284563891,8.810504967227065,72.330836,184.0,0.082,0.057,0.145,0.067254781420765,0.0980709450784328,4.637558532046784,34.11806334989566,62.107781,2.0,0.059,0.0,0.095,0.0868510516689529,0.088453367159779,3.02670353667258,18.134519335602743,268.86283999999995,729.0,0.076,0.026,0.124
4df4744c39fb,0.1712784722222222,0.1912155609260357,3.2844726621452622,14.276050680830558,284.686729,1.0,0.116,0.06975,0.183,0.1361092032967033,0.1478179513066195,3.7308185033161743,16.981735767987583,176.361765,5.0,0.115,0.068,0.14525,0.1494891304347826,0.1701101461946767,3.707228527364405,16.122760871629744,226.472184,736.0,0.117,0.07,0.146,0.1740002289377289,0.1914544096640269,3.542430180477289,13.196918508876262,292.35404299999993,8.0,0.123,0.105,0.144,0.1576593978937729,0.176709047796316,3.5888132587579915,15.389764265621722,979.874721,4.0,0.119,0.077,0.151
4f514478e276,0.5793775462962963,0.5721294557805577,1.2497009050486678,3.717956127506768,2864.205167,180.0,0.4695,0.054,0.932,0.3457363834422657,0.3697755092462677,1.5781684241542322,2.9697343565008207,941.014532,153.0,0.1975,0.063,0.51025,0.3545061141304348,0.3986585312140189,1.5421047280332216,2.3393894516274463,1256.807773,184.0,0.163,0.066,0.54025,0.4628917181069958,0.5138607243066045,1.847241310868064,3.4915529747471608,1859.714329,2.0,0.277,0.101,0.595,0.4380017795778105,0.4826027462739088,1.6806789103097572,4.377879987443974,6921.741800999999,679.0,0.237,0.067,0.799
5050e482704a,0.939844675925926,0.6987828891049876,0.2823206834992769,-0.6909349853235311,5925.335937,180.0,0.9615,0.204,1.56425,0.6928418040293041,0.5912371996164472,0.6128460230871586,-1.107502776570573,3623.654325,182.0,0.4415,0.165,1.22625,0.7945317028985507,0.6366789227117237,0.3826643168387972,-1.1454852037011256,4577.805232000001,184.0,0.6415,0.164,1.47,0.6243310688405798,0.4919097788418465,1.0256643711943614,-0.2604120185127319,2789.872094,184.0,0.385,0.264,0.926,0.7621095890410959,0.6202839614118381,0.5969435008807523,-0.714586050485325,16916.667587999997,730.0,0.5485,0.204,1.3682500000000002
51bcc44b2656,0.239212962962963,0.2339839550500214,2.841356812403542,9.800001908674927,483.716158,180.0,0.158,0.118,0.246,0.2140448717948717,0.1984474545497907,3.5561749990115032,16.714324465525365,372.138746,182.0,0.156,0.12,0.219,0.2063052536231884,0.1951237161651054,3.644733202435741,17.996881432816846,356.08470000000005,184.0,0.1535,0.117,0.212,0.2073795537340619,0.1517568190327335,3.257253828881285,15.980930148400557,290.031919,2.0,0.182,0.129,0.24,0.2166325445816186,0.1972736851985227,3.386775000880014,15.301852559465374,1501.9715229999997,729.0,0.163,0.12,0.23
522ec2c9ceb6,0.4177930555555555,0.4490323910282146,1.358504374736494,2.019492782090623,812.5512309999999,270.0,0.219,0.07,0.6975,0.2944537545787545,0.2888849135600653,1.716294049035495,2.9387988073840887,371.6239949999999,182.0,0.1585,0.088,0.427,0.4254812992125984,0.4012383476096692,1.2632533841634697,0.9804282393075768,1042.4969170000002,127.0,0.301,0.098,0.628,0.3537574588477365,0.3288334390364246,1.735150998342565,3.019889588344273,906.9761949999996,486.0,0.191,0.122,0.492,0.373918085106383,0.3714713573800542,1.5711759050898344,2.540321370473124,3133.648338000001,1410.0,0.197,0.101,0.539
524130194799,0.0445743055555555,0.037318474684243,1.6805553620764164,3.031793272493202,14.599601000000002,180.0,0.037,0.019,0.052,0.0373614926739926,0.0315517272645463,1.6456069807685567,3.767733082540292,10.445602999999998,3.0,0.036,0.01,0.043,0.0488208786231884,0.0319807435939539,1.775112546264918,4.397876196809343,15.041983,368.0,0.04,0.031,0.056,0.0280692167577413,0.0278397662721803,1.7583070382567705,4.526590372559058,6.864404,2.0,0.028,0.006,0.038,0.0397021604938271,0.0332761159803521,1.6832920812485304,3.844807505852151,46.951591,1458.0,0.036,0.014,0.046
540f95348569,0.2217296296296296,0.2607815373702597,2.646767001254825,8.997654753960756,506.1788880000001,180.0,0.125,0.061,0.248,0.2047383241758242,0.2256421199122856,2.764848782315236,9.941389539406034,405.490821,182.0,0.126,0.066,0.229,0.1980548007246377,0.2386617613034706,3.110501554956989,13.60334227617939,424.75358,184.0,0.11,0.059,0.217,0.2008165760869565,0.2080275854771098,2.8744574465866144,11.458970352544242,369.189848,184.0,0.1255,0.074,0.23,0.2062548515981735,0.234118098818734,2.872770147782685,11.19901250591936,1705.613137,730.0,0.121,0.066,0.231
56bf498d0564,0.5006590277777778,0.5975365080176018,1.4272998155555772,1.8216646899013755,2625.304351,180.0,0.133,0.065,0.889,0.2165400641025641,0.3163839376673779,3.5647118559852817,15.08543877488961,642.0453110000001,182.0,0.118,0.072,0.188,0.2494298007246376,0.3763614345303885,2.8896132908481738,9.372989152490083,900.259692,184.0,0.1145,0.067,0.192,0.3473265398550724,0.3760138219235034,1.910253293550661,3.067877352366863,1157.08968,184.0,0.187,0.13,0.333,0.3278521689497717,0.4432089045299703,2.2909905737087657,5.76921482666455,5324.699034000002,730.0,0.138,0.079,0.304
5937660386d6,0.2445059523809523,0.3056871204529685,2.5117777400526866,7.759682917750991,360.39173,98.0,0.118,0.055,0.275,0.1668154761904761,0.2006785976605934,3.9995712252535327,20.175605864136312,148.72887699999995,91.0,0.094,0.064,0.183,0.1974626358695652,0.2378191476174426,3.0066754050397124,11.263100917169972,421.946325,184.0,0.102,0.06,0.239,0.1440113396624472,0.1127430105241339,3.413207529690037,18.15788779171237,126.84335699999998,158.0,0.102,0.073,0.18025,0.1849881512868801,0.2208886700399372,3.455310542226124,15.590906789792058,1057.910289,531.0,0.101,0.064,0.208
5b13f13a01ed,0.3629951388888888,0.2874956919556122,2.481503780937952,10.363106007324948,926.2911330000002,180.0,0.292,0.16,0.462,0.2940565476190476,0.1759069558163195,1.9918729780798363,7.416199117806258,512.8578449999999,182.0,0.26,0.163,0.381,0.3080262681159421,0.190750214252887,1.982811357417539,6.917690364013362,579.6698880000001,184.0,0.277,0.164,0.394,0.4731944444444444,0.3842936006245426,1.6873973713602144,2.148704124498175,1632.0432800000003,183.0,0.326,0.218,0.55525,0.3595731595793324,0.2817366369487783,2.457220669904633,8.030901925516222,3650.862145999999,729.0,0.286,0.176,0.436
5ea12751c266,0.0965622685185185,0.1408115788998235,3.417188044507341,12.545798573990243,125.93738499999998,180.0,0.045,0.03,0.097,0.0353901098901098,0.0832540922510401,6.391349930640086,43.614142835573176,35.746418,1.0,0.029,0.0,0.037,0.0681616847826087,0.0874065372438389,5.429192177789604,35.43356656987401,54.254614,184.0,0.045,0.035,0.066,0.0637028388278388,0.1221880515312197,8.721526085148861,81.01626991294123,82.93946,2.0,0.046,0.041,0.051,0.0658762019230769,0.1129886349050977,5.86271070175078,43.070991597480266,298.877877,728.0,0.041,0.031,0.058
5f23ca5327cd,0.2485497685185185,0.1776075882203937,2.8390667775587195,12.160455951129656,403.1486330000001,180.0,0.192,0.145,0.31,0.1998502747252747,0.1491507599513449,2.592914974347122,9.528664098429012,271.628804,182.0,0.149,0.103,0.254,0.2077597373188405,0.1488461235527151,2.557971526753382,9.6666738958925,288.44992700000006,184.0,0.165,0.109,0.263,0.2714401183970856,0.2698041108914061,2.729983862588416,8.669472682240512,643.3137909999999,183.0,0.166,0.124,0.27725,0.2318423068129858,0.1951217175967289,3.135519337682711,13.915096096262364,1606.5411549999994,729.0,0.171,0.117,0.275
5f4793761400,0.1235252314814814,0.1244917493638379,5.703483684923878,44.51120324353497,132.86885100000003,180.0,0.109,0.061,0.14,0.1213246336996337,0.1098974460224854,5.792201468876985,51.75001300662672,117.04980000000002,1.0,0.115,0.06,0.144,0.0862932518115942,0.1030576638296598,6.494676796647419,60.34217165268425,79.78567100000001,1.0,0.061,0.038,0.109,0.0914139344262295,0.1056527303164386,7.477785970180631,73.4485363070812,85.72747800000002,1.0,0.069,0.047,0.104,0.1055176040237768,0.1122961376433068,6.158453710863922,54.109661797671,415.4317999999999,1.0,0.089,0.047,0.126
609781c124a2,0.2654490740740741,0.3165250651228027,3.236350087681373,13.093498161461046,737.2137359999999,180.0,0.169,0.112,0.26,0.2509475732600733,0.2989614858269325,3.4447229218961044,14.841790985117626,665.4763949999998,182.0,0.152,0.11475,0.24,0.2513505434782608,0.2960720087506528,3.3494493509229217,13.857978495725032,666.0905839999999,184.0,0.157,0.115,0.247,0.3821362179487179,0.414102696234786,1.7488023797496546,2.669391567850566,1386.879889,182.0,0.187,0.132,0.493,0.28743211996337,0.3393605001737799,2.745266568492648,8.742597175414401,3455.6606039999992,728.0,0.165,0.121,0.27
60e6d6d2541a,0.9850277777777776,0.8624242847424811,1.4215114805864195,4.314273156666042,7404.719197999999,180.0,0.87,0.22375,1.464,0.6859205586080587,0.6145007699742575,1.1780461469412864,1.3908689284998834,3704.492976999999,2.0,0.514,0.174,1.0725,0.4927547554347826,0.5448058342714313,1.3236253952535593,1.3410887058303054,2382.964773,184.0,0.203,0.073,0.8252499999999999,0.5264412568306012,0.4506425060122648,0.9918313183275828,0.6628322313768136,2109.122134,1.0,0.4245,0.14775,0.777,0.670985139460448,0.6644438019620028,1.6729243305681425,5.502800443335884,15601.299081999994,2.0,0.475,0.13,1.059
65e32355a97a,0.6013949074074074,0.6113248106700171,1.3638291668201112,1.3198723452574788,3176.90147,180.0,0.374,0.13,0.91825,0.3478855311355311,0.4715631147975194,2.279996099134428,5.351412807099994,1499.9542259999998,182.0,0.146,0.066,0.3805,0.4410151721014492,0.5010389830105604,1.780458514570448,2.81669542412958,1967.480107,184.0,0.212,0.11,0.5872499999999999,0.2486428571428571,0.3239604594963889,2.83293605159976,8.525579528435252,728.4673020000001,182.0,0.1425,0.06,0.258,0.4092940132783883,0.5044369240900239,1.983237814583182,3.790953740780539,7372.803105,2.0,0.183,0.084,0.534
6906cceeeb78,0.3404101851851852,0.3481957500591082,2.417022075891638,8.3835294754272,1024.3556980000003,180.0,0.206,0.098,0.42525,0.2491076007326007,0.2284129968318704,2.739658835777508,10.699236432822309,498.9439460000001,182.0,0.169,0.103,0.325,0.2578233695652173,0.2723566528247867,2.752503578397625,10.11070311008049,621.1149759999998,552.0,0.156,0.089,0.324,0.2187115209471767,0.1880148181247448,2.8111437762842546,10.795765298434029,365.3454510000001,183.0,0.15,0.105,0.261,0.2662210219478738,0.2693956508690152,2.8847764616620863,12.163331197388327,2509.7600709999992,729.0,0.165,0.1,0.336
6c1405ef7062,0.3205680555555555,0.3931231265019442,1.551607010284252,1.899779998291585,1111.577778,180.0,0.148,0.05975,0.41025,0.2097859432234432,0.2452603819577974,3.223336387484299,11.38846150622021,454.983097,182.0,0.157,0.073,0.24,0.211361865942029,0.2400943191675268,3.008295461456293,10.52526164117836,451.841236,184.0,0.158,0.069,0.232,0.2012930327868852,0.1583936309306648,4.70231052420949,32.687734236245,288.1478209999999,183.0,0.177,0.105,0.258,0.2354053497942387,0.2764368061591196,2.7164613692180755,8.262024776286989,2306.5499320000004,729.0,0.16,0.074,0.255
6f00c403abd0,0.7405939814814815,0.6976924717588421,0.6967829161653494,-0.5019075364320682,4472.298276,180.0,0.542,0.076,1.315,0.5685238095238094,0.6106993347494408,1.1348095481587823,0.1218519166712637,2573.055406,154.0,0.2675,0.091,0.92325,0.5653362771739131,0.6014839724537547,1.281645233496431,2.16491949118225,3009.009741,184.0,0.2875,0.08,0.9765,0.6197813818565402,0.5507457213830346,0.8247722316417613,-0.5714736811840315,2606.809683000001,2.0,0.404,0.151,1.026,0.6254540187376725,0.6238629826021623,0.9950430594439036,0.324212719972123,12661.173105999997,676.0,0.3665,0.099,1.09
6fadd3d6b297,0.3626888888888888,0.4311123472920421,2.659005208763775,7.493487131627836,1371.172692,180.0,0.185,0.145,0.364,0.2451549908424908,0.1795470797937246,4.603687170157707,32.48061815443525,403.332923,546.0,0.189,0.168,0.24,0.251128170289855,0.2011760651927429,3.230906291236377,15.36861621255412,457.22013,552.0,0.181,0.15,0.277,0.2595138888888889,0.13080720489574,3.450323003852497,17.34633735884345,370.939463,549.0,0.22,0.188,0.277,0.2792878372199359,0.2660000599977844,4.117854332678281,22.083487862454486,2602.6652079999994,729.0,0.193,0.163,0.282
71d3885d1431,0.2984268518518518,0.3029309154852899,2.5064862018692007,7.874293806197146,781.167134,180.0,0.193,0.102,0.3652499999999999,0.2822733516483516,0.2737529482078736,3.158717937092673,13.570757961668605,675.3754499999999,182.0,0.197,0.125,0.31925,0.2487798913043478,0.2594513040610389,3.2309252929796752,15.271910699114493,570.575522,184.0,0.154,0.101,0.28,0.503235347985348,0.5149056588040848,1.516334353223504,1.0549921910415945,2264.256116,182.0,0.2445,0.17075,0.64825,0.3330424679487179,0.3670110102493868,2.524739335805161,6.68749214581932,4291.374222,728.0,0.201,0.12,0.36
71d9a9f96bca,0.3605861111111111,0.3649857683573361,3.3091374105524487,18.824748155973644,1137.183644,180.0,0.226,0.145,0.40225,0.2903294413919414,0.2868994743180504,3.1340447580373905,13.705594955074268,727.7196889999999,182.0,0.193,0.13175,0.318,0.2736098278985507,0.2843103134477542,3.000862635084006,11.149367130385544,687.5477609999999,184.0,0.168,0.124,0.287,0.3062783061594203,0.4041416547696574,2.812380878378368,8.374739134829369,1135.516453,184.0,0.1495,0.102,0.26825,0.3074587328767123,0.3405430344944478,3.147202269802573,14.014858423622044,3687.967547,730.0,0.181,0.126,0.323
736f2de66813,0.3304881944444444,0.1735317250039631,2.0437320472026945,11.428751043718483,601.930251,180.0,0.343,0.218,0.402,0.3212928113553114,0.1432757038403956,1.4219075693490626,9.058686620097784,540.5705670000001,182.0,0.342,0.211,0.398,0.3235828804347826,0.1331854226571728,1.0232862365565354,7.105054506285159,540.7137519999999,184.0,0.35,0.215,0.40025,0.4152814207650273,0.3143909644752866,2.603376712564995,6.782666947621248,1191.5510800000002,183.0,0.387,0.228,0.432,0.3477351394604481,0.2083030297077521,3.1620501142126423,15.677531065709587,2874.765650000001,729.0,0.352,0.219,0.41
7766e16a2d4a,0.6367731481481481,0.7285696574525043,1.924519741039632,3.985552617719539,4044.7891639999993,180.0,0.326,0.182,0.968,0.2712580128205128,0.4060010996381739,3.993783268114053,20.328171370393296,1041.408961,182.0,0.132,0.081,0.257,0.332033740942029,0.4474957123642358,3.29580615043392,13.30752782396386,1371.1627789999998,2.0,0.188,0.096,0.318,0.3558490437158469,0.5006396266054886,2.903856076354085,9.803586824384862,1656.9635930000002,183.0,0.153,0.101,0.29625,0.398083276177412,0.5525499054517891,2.8422017414447347,9.544198285052031,8114.324496999998,729.0,0.191,0.094,0.369
78d0d9825060,0.1640550925925925,0.2733520170138625,4.044303076327422,19.56086120869588,219.532461,90.0,0.081,0.03575,0.159,0.1532225274725275,0.173859211930513,4.634785416161366,29.95606434703525,117.289904,91.0,0.109,0.066,0.169,0.1506235994397759,0.2011503597217158,4.198685689885515,22.69720312584493,180.3533610000001,119.0,0.091,0.04675,0.15425,0.2116514732965009,0.1554925610445293,4.42479999306197,30.609060670761643,299.624284,181.0,0.187,0.13,0.243,0.1765932085932086,0.1989226239028058,4.324227311569144,26.378492366718465,816.8000099999999,481.0,0.128,0.074,0.207
7a2e7beb0672,0.5935650462962963,0.566404066956864,1.0191887515349924,0.9806999795630356,2907.9346949999995,180.0,0.407,0.052,0.947,0.4901119505494506,0.4912282725149177,1.2634126499590352,1.4685230084772485,2103.257257,182.0,0.329,0.061,0.817,0.5491356431159421,0.5162965268691089,1.1827427662947356,2.237604163325291,2508.7828490000006,184.0,0.392,0.07275,0.887,0.3079571886446887,0.4059786538134358,1.6590235995227842,2.604809553799413,1134.178707,182.0,0.108,0.002,0.459,0.4850703983516483,0.5099237895440584,1.2738573006308875,1.8112025858444536,8654.153508000003,728.0,0.32,0.048,0.837
7a6739bd338e,0.4770476851851852,0.4638312467955354,1.4701822732237977,1.955015337133709,1912.524132,180.0,0.28,0.169,0.6932499999999999,0.3982481684981686,0.4016714463028631,1.7176340438345494,3.02599463180102,1397.5047099999997,182.0,0.265,0.105,0.519,0.4876655344202898,0.4565506645303874,1.43094207743638,1.987024309586313,1970.667303,184.0,0.294,0.168,0.72,0.3887959692028985,0.4255753791565718,1.8012576203955293,3.3012261661265354,1467.333947,184.0,0.242,0.102,0.507,0.4378337899543379,0.4398444126116957,1.5964358932422782,2.502285060099135,6748.030092,730.0,0.27,0.115,0.603
7bd57f96a653,0.1625254629629629,0.2061292683671182,3.927136331535009,18.321063445863995,297.664422,26.0,0.088,0.073,0.147,0.1293708791208791,0.1297044092761461,5.144723854097977,32.194917405726095,146.590334,26.0,0.089,0.078,0.128,0.1342203351449275,0.1545199398906196,4.391194381646665,23.25264537957325,184.992909,184.0,0.085,0.075,0.131,0.1295343806921675,0.1893677037756664,6.772279886059009,52.91017894950723,231.191731,1.0,0.089,0.063,0.128,0.1388222450845907,0.1729381123895532,5.263683216026887,35.07308211694975,860.4393959999999,104.0,0.088,0.074,0.133
7d4cfc37189e,1.153585648148148,0.7514732188727109,0.7113028584004764,0.5586849305078161,8188.438376000001,180.0,1.091,0.516,1.68025,0.594610347985348,0.5553331266872308,1.2223428452293297,0.7772718042338553,2891.425325999999,364.0,0.341,0.173,0.93025,0.770114356884058,0.6907618662744436,0.9838756871219424,0.3971159835475131,4726.127194999999,184.0,0.532,0.207,1.28225,0.5938485883424408,0.5660304002483375,1.1266178830287106,0.6382581161266896,2956.020491,366.0,0.3515,0.115,0.94825,0.7767350251486053,0.6848669564466505,1.0557979425657302,0.8604292355419143,18762.011387999995,2.0,0.54,0.214,1.248
806dc54ccb69,0.0812157407407407,0.1056368155013493,5.023793705999264,30.77074914370875,76.702176,360.0,0.059,0.035,0.088,0.0731650641025641,0.0515623266758815,5.948039128126698,65.75695540515854,34.995543000000005,728.0,0.067,0.044,0.093,0.078563179347826,0.0838398911554023,6.035919369408664,52.86256752931552,58.296943,368.0,0.065,0.042,0.087,0.1270617030965391,0.1561039745908923,5.572563774058709,38.1158427161704,177.933655,2.0,0.095,0.066,0.11925,0.0900449817101051,0.1085267929679939,6.577471378589197,59.86807785000207,347.928317,4.0,0.07,0.045,0.1
83c7fbada9b4,0.4189130434782608,0.5191199664239593,1.5789365930916226,2.08282347446859,245.62547,23.0,0.1745,0.028,0.6415,0.19417957875457872,0.2326774622513052,3.2521601528421806,14.026775533964628,204.0457838,91.0,0.11900000000000002,0.06635,0.21704999999999997,0.3469429347826087,0.4590844853383128,2.0285234135796384,4.253302161744664,731.1305460000002,92.0,0.159,0.037,0.46225,0.2641371794871794,0.3504664772765133,2.5995039849947514,8.9586129096333,300.448514,65.0,0.106,0.061,0.32,0.326237037037037,0.4349926349084018,2.1500887946851672,5.066622171979416,1277.2045299999995,180.0,0.143,0.045,0.42
84736eaf5a9d,0.8216578703703703,0.5699000644062777,0.5806453985626816,-0.3949055654031315,2159.800717,90.0,0.676,0.35675,1.24525,0.3980224358974358,0.3538100522428088,2.002573902926262,3.7874627705975454,619.3898529999998,91.0,0.269,0.187,0.432,0.5180321557971015,0.4285211418169711,1.409724106733676,1.3533304394589951,997.988805,92.0,0.337,0.212,0.6882499999999999,0.4544508333333333,0.355006543483317,2.360010873648194,6.688265395854655,798.132494,100.0,0.3395,0.25,0.481,0.5449686103663985,0.4627126893244618,1.4749886213962873,1.708965524862898,4575.311869000001,373.0,0.358,0.22,0.707
84bc6f535519,1.3877342592592592,0.8185042448431792,0.3618291234426838,-0.5840413450882505,5606.8320380000005,180.0,1.3175,0.77875,1.967,0.7179162087912089,0.6459341305009871,1.0929469804463514,0.5033798074542766,2036.873931,182.0,0.472,0.193,1.18325,1.0787540760869565,0.7742848925722572,0.3758586259471294,-0.8026149082232954,3893.206213,184.0,1.0515,0.28,1.678,1.0867734375,0.7415789280971207,0.532071156410758,-0.5162835783410129,5982.390642999999,288.0,1.0235,0.36375,1.65525,1.0694657274180654,0.7789562994746608,0.5788301859461863,-0.466247040213918,17519.302825,834.0,0.96,0.326,1.648
8748f2316ba9,0.8745833333333333,0.7832859746322256,1.4518955516277792,4.598997335652405,2977.4151180000003,90.0,0.696,0.182,1.36675,0.664599816849817,0.6438615503977175,1.0907072721464552,0.3776113088655335,1870.051338,91.0,0.3805,0.14,1.04525,0.7234875429553265,0.7143713682216388,0.9899876130761244,-0.0575818935898984,2406.594855,97.0,0.3655,0.144,1.322,0.6106530092592592,0.5747784051389653,1.6461686216516376,2.793288841819307,3038.114791,180.0,0.314,0.22075,0.869,0.6971330058224163,0.6710729578859606,1.4099109398046414,2.785778133568285,10292.176102,458.0,0.385,0.17775,1.075
883788a8f885,0.6625011574074074,0.7842527712784442,1.7347017281188837,2.4559860509727915,4553.108033000001,180.0,0.295,0.154,0.93725,0.5707071886446887,0.728491760786904,1.8714251892451477,2.8401480158900494,3740.785517,182.0,0.241,0.107,0.6627500000000001,0.5424033061594202,0.6792993667670804,1.94804987641686,3.8872404699780887,3336.9458790000003,184.0,0.2335,0.1,0.654,0.4499310897435897,0.5140846755452816,2.380137978063801,5.923823930030263,2038.637499,182.0,0.252,0.147,0.4852499999999999,0.5560557463369964,0.6878711782604043,2.001759178996992,3.785207383747833,13669.476927999996,728.0,0.256,0.128,0.632
90a0336aae39,0.3435560185185184,0.4798268086574259,1.856298014159181,4.66509207741241,1504.502658,180.0,0.057,0.027,0.56025,0.2564217032967033,0.3867506707477554,2.1832449431458256,5.137289844939771,940.5534520000002,364.0,0.063,0.03,0.341,0.2935427989130434,0.4040438536449391,2.014997563437414,5.384003675291591,1101.433467,1.0,0.073,0.038,0.4325,0.2300741758241758,0.3344556748444792,2.438144788152558,6.213193399719582,719.8233579999999,1.0,0.082,0.045,0.216,0.2807612751831502,0.4066363300624657,2.1419890983187906,5.777172357684195,4266.312934999999,1456.0,0.068,0.036,0.381
95ee02b21baa,0.130237037037037,0.1579022943284353,4.504818798224403,32.29549492099919,180.985624,180.0,0.09,0.042,0.14325,0.0971810897435897,0.1058612287924612,4.780678606200399,32.85158371533584,90.202537,182.0,0.059,0.043,0.112,0.104815670289855,0.1029029041826547,4.053559253244007,23.18128689109848,95.276668,184.0,0.074,0.046,0.124,0.0876728142076502,0.0774491825196015,8.121877788648288,140.3925329665689,60.10407300000001,3.0,0.069,0.058,0.097,0.1048831732967535,0.1156739321270943,5.288273514687754,46.93639645730135,426.5689019999999,729.0,0.07,0.047,0.119
960038979a08,0.4930587962962963,0.5848575105562949,1.6568746059075117,3.213680317836287,2527.914028,3.0,0.1345,0.075,0.786,0.1282570970695971,0.2022748421967304,5.375684275397952,37.342100298557845,250.57029700000004,4.0,0.078,0.053,0.114,0.152930027173913,0.3124618141083883,3.966767580679847,17.35031889191037,534.4242250000001,2.0,0.048,0.041,0.087,0.0885084706959707,0.1047226798350627,5.202937801048751,29.38978139201253,82.12097299999999,1.0,0.059,0.053,0.085,0.2147541781135531,0.3849587382445196,3.3674311915336075,13.750820705187229,3395.029523,2.0,0.074,0.05,0.12
99d555540f0d,0.0304064814814814,0.0621674862518928,9.517226624993256,118.98088646271007,20.689993999999995,180.0,0.022,0.005,0.03,0.0350947802197802,0.0286517183038798,4.776345032398386,51.081696119483816,8.965602000000002,182.0,0.031,0.022,0.037,0.0328410326086956,0.0291581395592535,4.031004532218048,34.51886574894799,8.517274,184.0,0.029,0.019,0.034,0.0470247252747252,0.0313964784255377,6.891464557175867,78.01789522849229,13.964773999999997,26.0,0.04,0.037,0.043,0.0363484432234432,0.0407781697432961,9.734958663507498,168.73853527652116,52.13764400000001,2.0,0.032,0.021,0.04
9a3b34521cfa,0.3940583333333333,0.3249889732103742,2.562244608748991,7.475556037295936,1127.0871479999998,180.0,0.291,0.194,0.409,0.3309397893772894,0.1929442599459996,4.600384895642049,30.063575339938488,640.9980230000001,182.0,0.297,0.234,0.368,0.3328940217391304,0.196164622110827,4.083687991754567,23.092160003073875,659.3043339999999,184.0,0.301,0.22575,0.374,0.4369423952641166,0.3214060867383211,2.921856220718158,12.748347247713324,1292.2165649999995,183.0,0.3625,0.279,0.487,0.3736275720164609,0.2701850281415086,3.3601777900660696,15.463233600494531,3719.6060699999994,729.0,0.312,0.234,0.403
9c890590d367,0.1276287037037037,0.1180267237087886,5.333060618437855,43.21324663071906,130.54777999999996,180.0,0.094,0.062,0.159,0.1332447344322344,0.0990431481096762,5.456774913817927,52.95199397568748,120.398261,182.0,0.113,0.075,0.157,0.116438179347826,0.0866290493581669,5.230229382569242,43.4500770561603,93.01174300000002,368.0,0.094,0.071,0.134,0.2601082875457875,0.2856001271742351,2.435069555883332,6.038899189374874,651.8093570000001,182.0,0.145,0.111,0.248,0.159324233058608,0.1777862641295023,4.299389018004322,22.76125450572277,995.767141,2.0,0.114,0.072,0.167
9fa8e9422c8d,0.3777256944444445,0.5292052789823232,1.7777732042584906,2.4474147328844635,1826.214887,180.0,0.118,0.045,0.44625,0.299396978021978,0.4185600445654345,2.3175860163783946,4.505965249656255,1156.782076,182.0,0.145,0.068,0.248,0.3257796648550725,0.4745967077553388,1.947735151767532,2.7842343191416203,1463.349461,184.0,0.111,0.048,0.29425,0.2086279599271402,0.348850187862372,3.930164716170261,17.12708300066261,725.6553719999999,183.0,0.108,0.056,0.198,0.3026107681755829,0.4517048271562671,2.303709225425161,4.787568398468602,5172.001795999999,729.0,0.122,0.054,0.252
a1c7814da365,0.7679541666666666,0.6687320497634213,1.322296488668257,1.4479362114222356,4479.650595999999,180.0,0.599,0.205,1.062,0.4681625457875458,0.4622946516193577,2.0070835849834565,4.0642487015407145,1890.874502,182.0,0.252,0.164,0.589,0.523091259057971,0.5061825948646257,1.8910655751726544,3.76571871209267,2339.796777,184.0,0.277,0.171,0.707,0.5787878170289854,0.5550009413314081,1.4455065095398674,1.750829677300838,2839.582423,184.0,0.2735,0.164,0.90025,0.5838124429223744,0.5642731115236245,1.6789049924809831,2.785266368399327,11549.904298,730.0,0.319,0.168,0.829
a3551673db03,0.1474573333333333,0.1324882215376983,4.558234619247985,33.49778364996651,117.890382,125.0,0.1165,0.071,0.18425,0.082889652014652,0.1137651016544953,4.299991415975485,31.0795451882031,43.272013,1.0,0.075,0.0,0.12025,0.1305158514492753,0.1186126292498911,5.426054252717498,42.94754960914959,137.35236399999997,184.0,0.097,0.076,0.141,0.0771987791932059,0.1005642416419645,3.345294283290549,21.59733585009563,60.562379,2.0,0.082,0.0,0.125,0.1115085278276481,0.1201115944020459,4.371954846355191,33.32915430436687,359.07713800000016,557.0,0.09,0.062,0.139
a436c4d5cbeb,0.5233291666666667,0.4884092972592819,0.9640744912551816,0.750910192838095,2213.641692,180.0,0.3435,0.097,0.915,0.2980808150183149,0.2935475506377396,2.273352575827585,6.159608100934966,764.497567,182.0,0.224,0.103,0.353,0.3520982789855072,0.3319809065531912,2.012137598581076,4.914539437100886,1034.1588419999998,184.0,0.265,0.117,0.414,0.2702905344202899,0.2115388569701294,2.731531230167786,11.58368576971272,520.229799,184.0,0.223,0.128,0.354,0.3602321917808219,0.3590803508549054,1.9219521718250736,4.420763062159232,4532.527900000002,730.0,0.249,0.112,0.425
a97896649004,0.099793287037037,0.1028423667981237,6.251470715784908,51.43217172556246,88.71229100000001,180.0,0.08,0.053,0.109,0.092375,0.0937972637271061,6.834652123801675,66.83153781748314,75.702102,182.0,0.069,0.051,0.103,0.0923247282608695,0.1015285445910359,5.703988001324133,45.5044325596644,83.16167400000002,184.0,0.064,0.046,0.099,0.1638209706959707,0.2306401497198482,2.5099984349096007,5.527210706015525,349.5806019999999,182.0,0.076,0.058,0.124,0.1120579784798534,0.1470405806715563,4.408087801036407,22.03391885568472,597.156669,728.0,0.072,0.052,0.107
ab6c9e4d8e64,0.3366111111111111,0.4105589501438373,1.821548239123353,3.514687596699223,1217.6597879999997,180.0,0.157,0.048,0.445,0.2105496794871794,0.2549438848780461,2.935463680937528,12.495539585919772,477.542747,182.0,0.134,0.049,0.25225,0.2512925724637681,0.317657257356657,2.66427606643639,9.534430969699368,724.4628619999999,184.0,0.141,0.05,0.31425,0.1870117753623188,0.1963489004623914,2.864347730015609,12.45713705372818,324.692118,184.0,0.132,0.061,0.217,0.2459699200913242,0.3100648465785561,2.6363387692679114,9.013342483740477,2744.357515,730.0,0.14,0.054,0.297
ab80ec0882ca,1.9655467592592597,0.9848313583020462,0.1447684403270555,0.1704473319919892,20879.712866000005,1.0,1.9565,1.298,2.687,0.8131417124542124,0.7989298378607309,1.249042890199523,1.2225201555914742,5676.165027,2.0,0.5725,0.165,1.262,0.8605495923913044,0.8249477430665502,1.055662282089577,0.4680788356289889,6275.508621000001,2.0,0.5415000000000001,0.173,1.412,1.230655570652174,0.5873212365100918,0.2164497690984777,0.9222718227809104,8211.372571000004,184.0,1.23,1.086,1.413,1.2144821347031962,0.9314807458729208,0.7421962077041905,0.3270229282797849,41042.759085000005,4.0,1.1745,0.292,1.763
acb5ee1b35fd,0.1745594907407407,0.1615730346775904,2.3415205205357474,8.151969202146079,244.412041,180.0,0.133,0.069,0.21,0.1657582417582417,0.1385077197826873,2.35163111853292,8.300858452354683,203.81168,1.0,0.136,0.077,0.2,0.1472139945652174,0.1155007653912463,1.771011500450009,4.434486800156158,154.614701,184.0,0.125,0.067,0.185,0.1726578351449275,0.1127244459827813,1.9863189607425773,6.5500582820828726,187.75740700000003,184.0,0.1545,0.099,0.215,0.1649933219178082,0.1338003603433337,2.290702887950375,8.591984514598915,790.5958290000002,730.0,0.137,0.078,0.20325
ad7b0d773a4a,0.1901893518518518,0.2341770890870488,3.3120426993420966,13.016355656700853,393.167082,180.0,0.111,0.08,0.178,0.2119393315018315,0.2094349229065832,2.789563681415628,8.942464605812612,387.796575,182.0,0.146,0.098,0.217,0.2367101449275362,0.2483230928969777,2.619050238317196,7.633823454151747,519.7457619999999,184.0,0.146,0.103,0.224,0.2428783967391304,0.3677078382081023,36.58394352584861,1949.798096844101,857.5826509999999,184.0,0.187,0.133,0.259,0.2206182648401826,0.2729794275449024,23.937947248343598,1629.7234073446384,2158.29207,730.0,0.149,0.098,0.225
add697153a07,0.2237907407407407,0.3044761495667712,2.7088894086897395,9.533174103944424,616.844252,1.0,0.094,0.038,0.286,0.1381063492063492,0.1683900016571657,3.232671930623966,17.068977859712486,119.51996200000004,1.0,0.068,0.043,0.147,0.1385138134057971,0.1988974826271607,5.936058169308089,44.70520203539502,259.42359500000003,184.0,0.0854999999999999,0.048,0.157,0.1279662951167728,0.1368936046789078,6.792344173535115,61.45782015140553,132.314193,157.0,0.101,0.065,0.144,0.1603206869009584,0.2222249734538812,4.2167367071698765,23.905032087899585,1128.102002,3.0,0.091,0.048,0.167
b1a8b5dfd391,1.242598842592593,1.3304985207963416,1.5589374582652618,2.551114608686987,14317.681813000005,180.0,0.6944999999999999,0.208,1.75325,0.6907202380952381,0.770243262637226,2.050740774267762,5.247163707596977,4675.372364,182.0,0.374,0.158,0.9875,0.7749298007246377,0.8294288536896527,1.851311505559488,4.254551633170742,5689.876539999998,184.0,0.444,0.167,1.21025,0.8243187613843351,0.8114622712726774,1.436095870268305,1.6850067055495916,5876.374948000001,183.0,0.521,0.177,1.223,0.8817781778692273,0.9844351254595056,2.005605520816244,5.264105017098741,30559.305665,729.0,0.484,0.173,1.3445
b46938568ddc,0.3556245370370371,0.1398781323078551,0.029131524448677,2.401371352930526,630.8699180000001,1.0,0.355,0.315,0.445,0.345404532967033,0.1280831759130749,-0.7488649006795175,0.3518333743713997,592.7794950000001,1.0,0.366,0.312,0.431,0.2893478260869565,0.1629324136208556,-0.1075001041674297,-0.6931919508136857,486.948504,1.0,0.336,0.141,0.415,0.2549093806921675,0.1835773797515561,0.3110473434310007,-1.39384493709972,433.4001299999999,1.0,0.208,0.072,0.418,0.3110623571101966,0.1605689688119583,-0.1971894022493319,-0.4054483934951647,2143.998047,1.0,0.349,0.16,0.429
b476034a2e3d,0.7845416666666667,0.6943602130067261,0.4588188897679796,-1.0405499157875515,553.2114329999998,21.0,0.6054999999999999,0.07925,1.377,0.24360425824175821,0.2103924475955742,2.0988041081881157,8.48946769937363,377.53917600000005,109.4,0.1918,0.13235000000000002,0.2754,0.4260371376811595,0.4693736580456656,1.624451439559201,2.501901322954565,887.2169560000001,92.0,0.2425,0.053,0.62825,0.3723565340909091,0.3317834102414892,1.630293993352037,3.0905290582539733,525.3169569999999,88.0,0.272,0.109,0.515,0.4399908789386401,0.4624941543260786,1.6295517513782147,2.501329713961698,1965.7453459999997,201.0,0.2715,0.097,0.61525
b6b8b829ca63,0.1671060185185185,0.2084150170108413,2.567795158935462,8.611418271408859,308.28056,180.0,0.082,0.036,0.20525,0.1252184065934065,0.1699133826686858,3.4146790487544543,13.967779028997985,194.595304,182.0,0.071,0.041,0.102,0.1262151268115942,0.1769463039493182,3.660988278064357,18.584339015083764,208.612956,184.0,0.065,0.038,0.105,0.1107069672131147,0.1333628483954587,3.845239108083316,18.77086164072016,131.943067,183.0,0.07,0.048,0.1,0.1321698102423411,0.1753233237788667,3.318453017664683,14.433669564085186,843.4318869999998,729.0,0.071,0.041,0.117
b6e12ac4aa4b,0.8481365740740742,0.7934075638447372,1.0527378970440506,0.4164613236161512,2913.475415,1.0,0.6275,0.163,1.3615,0.281570054945055,0.3377488170331955,3.485253947109397,15.238129052733036,422.289415,91.0,0.158,0.102,0.353,0.3623161231884058,0.4347468014910626,2.500383067974309,7.608173931196674,707.1732819999999,92.0,0.159,0.098,0.4145,0.3568738425925926,0.3629795985250681,2.1128010928912286,6.098246231419228,895.4949720000002,2.0,0.192,0.13,0.50025,0.4476692645883294,0.541332410911536,2.2896908443473585,5.861586963556823,4938.433083999998,1.0,0.205,0.118,0.575
ba38270a360e,0.4021845238095238,0.3931629772311343,1.3959940378078814,2.693364398894314,53.143359,4.0,0.2324999999999999,0.09075,0.6605000000000001,0.12252179487179486,0.14120267307514278,5.113898591584338,38.4753850504513,133.47771640000002,29.0,0.092,0.0492,0.13940000000000002,0.2164846014492753,0.3243023919578012,3.444400603799292,14.333676648661273,335.69907400000005,92.0,0.108,0.061,0.19,0.3016441885964913,0.3114546763075795,3.2938750037620923,12.61186304479571,342.89965500000005,1.0,0.225,0.14,0.33,0.2608961904761905,0.3258181769970454,3.1477056384698896,12.072631481159958,731.7420880000001,1.0,0.155,0.086,0.289
bbfd7c7fa784,0.1489636574074073,0.1690094694463872,3.956908712938559,19.33138376381653,219.258887,180.0,0.1125,0.058,0.164,0.1444544413919414,0.1362702172165195,3.929103176009792,20.306567485541336,172.25932100000006,182.0,0.122,0.064,0.168,0.1553906249999999,0.1698356950374346,4.4773517607282045,28.76503749732844,234.005649,184.0,0.125,0.066,0.169,0.2052653985507246,0.1367664796730544,2.997640102799744,13.240759788243974,268.66482,184.0,0.178,0.126,0.246,0.1636505136986301,0.1557455484487703,3.837444079733922,21.361804614075545,894.1886770000003,730.0,0.135,0.073,0.186
bf03a8cf21da,0.8663266203703704,0.9109338195737424,1.1678406921849362,0.6086644799162584,6826.992063000001,180.0,0.506,0.121,1.4845,0.4818660714285714,0.56060535836113,2.3027438846787405,6.2734187124867695,2386.995281,182.0,0.236,0.13,0.603,0.5473247282608695,0.5810850619846474,1.5875644995321,2.281929373184089,2813.9821,184.0,0.2825,0.131,0.76325,0.4530115489130434,0.4328773633343222,2.018104727404022,4.198287186789226,1733.7316469999998,184.0,0.2695,0.175,0.588,0.5858908105022831,0.6649941204687594,1.911623321150304,3.8196193320753578,13761.701090999995,730.0,0.287,0.146,0.746
c1244d6dea7a,0.2982266203703703,0.4104293650428829,2.7239470160522945,12.09111639823793,1111.9307649999998,180.0,0.097,0.056,0.438,0.1843516483516483,0.2921371273225754,3.07574790628718,11.040970366555516,521.23183,182.0,0.087,0.05,0.129,0.2200355525362319,0.3119198424161266,2.601647451341087,7.627176128939025,643.4537369999999,736.0,0.093,0.059,0.18325,0.0665650462962963,0.1777600844420118,4.983776860941616,29.875388407878823,155.64766899999998,2.0,0.001,0.0,0.082,0.1924256772268135,0.3202578717836525,3.1812367556940297,14.78243233100639,2432.264001,2.0,0.082,0.036,0.142
c32f47bda75b,0.3130914351851852,0.3651170293369362,1.9797237250544089,4.430373710988051,999.374509,180.0,0.148,0.063,0.43,0.2628237179487179,0.2944378841837223,2.053165741014188,4.679767976740463,680.4032480000001,182.0,0.126,0.073,0.383,0.3170849184782608,0.3448113447761193,1.8425256679808597,3.78769629535765,969.036923,184.0,0.167,0.073,0.44,0.372731884057971,0.3723231003667919,1.865797759703169,3.6089132970025313,1225.67647,184.0,0.213,0.126,0.503,0.3165981735159817,0.3477245341694063,1.956030663833312,4.286895758589341,3874.49115,730.0,0.168,0.077,0.436
c422e08d8f19,0.4524465277777778,0.5400883586078156,1.828565173404208,3.544455466283198,2144.462237,180.0,0.145,0.114,0.699,0.2757481684981685,0.3322410931815586,3.2026185194107475,11.801462795217322,814.2877859999999,182.0,0.153,0.121,0.241,0.2856773097826087,0.3297587863093226,2.937275530075846,9.709438844887488,840.596121,184.0,0.154,0.126,0.25225,0.2709585610200364,0.2666845615828484,4.011025590703483,16.707098173265024,634.8161540000001,183.0,0.194,0.186,0.246,0.3206811842706905,0.3880750051570938,2.837630071644201,9.28128269736522,4434.162298,729.0,0.183,0.127,0.272
c4a177fb3092,1.0664726851851851,1.1753615317307349,1.4565021461084768,2.171988327969375,10881.383263999996,360.0,0.6375,0.102,1.55675,0.7056277472527472,0.7965076870849404,2.062751901329332,5.420786061415232,4946.0393380000005,2.0,0.382,0.13,1.078,0.6736084692028985,0.7405254753412333,2.0550937161942646,5.720195123790527,4425.389959,1.0,0.404,0.131,1.028,0.5453864468864468,0.4817434506203281,1.152635158493347,0.6289289592387584,2312.957026,1.0,0.355,0.16475,0.847,0.7466945398351648,0.8567299892179069,2.12637620842138,6.002154034042034,22565.76958699999,2.0,0.414,0.139,1.111
c5fa6b7264f9,0.6432574074074074,0.7349138022274379,1.082331489141911,0.404049884312299,4120.754639999999,180.0,0.2295,0.053,1.32525,0.2280238095238095,0.4410795903453108,3.294915391735473,12.194287929181822,1076.9132019999995,2.0,0.063,0.02,0.212,0.2948079710144927,0.4445752346930775,2.40553218449046,5.989994639996212,1256.6120100000005,1.0,0.093,0.052,0.26925,0.1825222069597069,0.2106397469299287,2.0143352721142467,4.407276190604076,339.32134899999994,182.0,0.086,0.051,0.244,0.336195570054945,0.5251670650772214,2.325787349781394,5.588137872243582,6793.601201,2.0,0.087,0.043,0.32825
c762bb72bd52,0.7479780092592593,1.1778570757743032,1.6374644913146037,1.366736345387979,8410.255459000002,180.0,0.1315,0.077,0.8127500000000001,0.2347522893772893,0.3681425122631426,4.654219692576258,28.81209696440772,832.704804,182.0,0.134,0.094,0.199,0.5348591485507247,0.7929601131396424,2.6927356571685057,7.588065411654606,4040.02198,184.0,0.198,0.132,0.4872499999999999,0.4031355311355311,0.418428584964699,2.1886846836048,5.04539982211794,1474.64002,182.0,0.21,0.172,0.42,0.4795957532051281,0.7839847223387888,2.83840385816825,8.189565698118024,14757.622263,728.0,0.177,0.111,0.3612499999999999
c8b50ccf6f9c,0.1569629629629629,0.1430049096493314,6.182066573211562,52.76476125910901,97.38959599999998,90.0,0.115,0.097,0.18,0.1984215686274509,0.1929088190725628,5.339806496483197,32.117096050936595,31.246651999999997,17.0,0.1645,0.117,0.19425,0.1639211956521739,0.1069176980307451,4.4457631737163865,29.17106121788622,84.56982800000002,92.0,0.144,0.106,0.198,0.172635119047619,0.1147810683327388,3.0771665576433924,21.28987963131748,72.202331,1.0,0.16,0.122,0.221,0.1660410470879801,0.1289907444847118,5.417781471427462,45.91129581449617,285.40840700000007,269.0,0.144,0.1,0.198
cc26481a6b26,0.2180472222222222,0.2718734150088608,2.57773394243928,9.510593243187378,524.7060980000001,180.0,0.107,0.05,0.271,0.1755453296703296,0.1778977094141969,3.117069971070775,13.22079772437106,272.841694,182.0,0.122,0.072,0.195,0.1540140398550724,0.151923265821302,3.504433375589753,16.666139398314748,206.67323,184.0,0.117,0.059,0.19225,0.1484742714025501,0.1614086605894087,3.51809641404079,15.467889837142774,211.243627,183.0,0.103,0.059,0.177,0.1738094993141289,0.1981445427820741,3.2936346607403406,15.586351622298004,1215.4646489999998,729.0,0.113,0.059,0.197
ce0e3832ae5b,0.2958976851851851,0.3567469999020119,1.6808645340752522,1.6872427770709455,928.039084,180.0,0.1085,0.083,0.372,0.1548869047619047,0.1855514527161442,4.51294440940963,22.04053655775068,255.17548,182.0,0.103,0.09,0.13,0.1953392210144927,0.2542679050485903,2.980048724369636,8.697484437365885,454.0071,1.0,0.099,0.087,0.132,0.1457781593406593,0.0757166766189833,6.589894559232439,63.89428314753511,117.86736499999998,182.0,0.139,0.108,0.159,0.197699233058608,0.247722702519842,3.1035036937453118,9.474317034284242,1755.089029,728.0,0.11,0.09,0.156
cf5c2db7d01b,0.2993800925925926,0.2227370927215884,2.1785332338221965,10.032366704639896,601.5178900000001,180.0,0.263,0.149,0.383,0.2420570054945055,0.1936871940066468,1.8875464589720776,5.420209127885316,419.79241900000005,182.0,0.212,0.10575,0.311,0.2349227807971014,0.1866871842706144,2.209404891858445,6.649480075253281,397.62025100000005,184.0,0.194,0.1,0.303,0.2757340619307832,0.2962766421367881,2.4679261307809144,7.339190846247458,719.449662,7.0,0.167,0.092,0.344,0.2628640832190215,0.2304854996433247,2.4488318667594915,9.412313514226096,2138.380222,729.0,0.21,0.1,0.332
d15c67c0173b,0.2770074074074074,0.3708996375690249,2.158498269169092,5.361538918909282,925.7744659999998,180.0,0.076,0.037,0.3662499999999999,0.1753999542124542,0.2463818074198467,2.529036995144818,7.072356434310558,399.53719899999993,182.0,0.062,0.04,0.237,0.2201182065217391,0.2857225530677724,2.3492021122212003,7.239054062763376,574.4748,184.0,0.066,0.041,0.296,0.1458351548269581,0.182943321278936,3.1344802780877896,11.544586153019846,240.401176,183.0,0.076,0.062,0.121,0.2043535093735711,0.2838380518840492,2.6637042042777126,8.951205720613832,2140.1876409999995,729.0,0.069,0.044,0.267
d18448fa2230,0.0503354166666666,0.1590779588327699,8.923650949685237,98.24246097273252,120.266429,1.0,0.029,0.0,0.039,0.0826307234432234,0.1521383911254438,7.629466152321371,69.48287588478728,130.92611100000002,26.0,0.05,0.042,0.068,0.0685720108695652,0.1245243532840523,7.969481938258367,79.88262512880227,89.24044999999998,26.0,0.043,0.038,0.054,0.1859489981785063,0.2758656653890193,3.6351622348406223,13.709741919722257,486.101708,2.0,0.1065,0.056,0.18725,0.0970440100594421,0.1944834499549261,5.763795374432312,39.20759396246692,826.5346979999997,2.0,0.047,0.036,0.075
d4032a0b3dea,0.3962175925925925,0.4478117136634597,1.539150530897964,2.91455755657857,1544.5024340000002,180.0,0.21,0.037,0.63325,0.2831375915750915,0.3694831450611913,2.251479647860548,5.437047183030829,946.4787269999998,182.0,0.139,0.041,0.33625,0.277807518115942,0.3098473233157609,2.002055233009477,6.541013555055828,764.7733939999998,184.0,0.17,0.036,0.411,0.2685072859744991,0.3909375820066917,2.105204209348866,4.726626692622646,987.885338,1.0,0.076,0.0,0.37,0.3060406378600823,0.3858604358506768,1.9830725050587077,4.747350971823567,4243.639893,729.0,0.141,0.036,0.437
d55816977df1,1.387889351851852,2.089158705892191,1.577602957796847,1.0036112821364729,27176.346510000003,180.0,0.27,0.131,1.35725,0.5304720695970696,1.116565263552922,3.993384603049363,15.744180129816204,6674.822063999999,2.0,0.184,0.104,0.37625,0.6855183423913043,1.329373292272353,3.07124241952502,8.886045210223488,9879.337191,184.0,0.198,0.109,0.489,0.237525956284153,0.2858820964956762,2.9992450656987697,10.760951850454708,606.7422959999999,183.0,0.111,0.093,0.235,0.7077758916323731,1.4258995583234526,3.036488937349962,8.399567416349035,44337.24806099999,729.0,0.182,0.1,0.45825
d60abb43b0bc,0.1961657407407407,0.2380097771342353,3.120745653040044,14.420223942558025,410.960096,180.0,0.109,0.057,0.221,0.1642181776556776,0.18278996676457,3.4232226344662497,15.649221205542077,263.738887,182.0,0.097,0.065,0.182,0.1654085144927536,0.1889865078382441,2.913891086053765,10.54176865733458,278.543072,184.0,0.089,0.06,0.187,0.1718813405797101,0.2094998723574028,3.023193226879369,10.330890323748044,324.281858,184.0,0.093,0.069,0.149,0.1743272260273972,0.2062233008889143,3.1805480363535623,13.753856658919853,1277.523913,730.0,0.096,0.064,0.185
d8555c97f799,1.1805462962962965,0.7181927480277254,0.4574248974187848,-0.1032651168685179,8248.998446000001,180.0,1.116,0.64475,1.708,0.5140979853479853,0.5249384208745126,1.6496072034981897,2.6903240693595434,2358.095744,2.0,0.3115,0.116,0.728,0.6035740489130434,0.615998909621145,1.6553583926997044,3.375470700050184,3284.4277729999994,1.0,0.373,0.128,0.86125,0.3226596467391304,0.2791419424952476,2.3377032246535925,7.055386348382031,803.8421469999998,184.0,0.226,0.142,0.396,0.6527276255707763,0.6424353174550261,1.423295605828152,1.8175160682871527,14695.36411,2.0,0.394,0.155,0.95925
e00164f28d81,0.7068150462962963,0.7456567936970546,0.5319350352071923,-1.2757274241952288,4560.155554999999,180.0,0.126,0.078,1.609,0.2619796245421245,0.4758462033535761,2.3891435878240284,3.960861256455816,1288.8348910000002,2.0,0.09,0.053,0.127,0.4036870471014492,0.6148250195684093,1.528552080307957,0.7377148650317711,2388.9369299999994,184.0,0.093,0.067,0.19625,0.1777862021857923,0.2701612991530721,2.866333047034052,7.11234166403028,459.3815090000001,183.0,0.098,0.054,0.132,0.3864475880201188,0.5897126116433103,1.6200227068781707,1.126548744922916,8697.308884999999,2.0,0.097,0.066,0.18
e1c96aca8aa9,0.7071222222222222,0.7594528457228553,1.0351785347566609,0.0636331020536231,4651.734796000001,180.0,0.326,0.096,1.257,0.4986721428571428,0.5590041493032635,1.4923996886403768,1.7116727706296562,2356.8700890000005,175.0,0.244,0.102,0.768,0.5160298913043477,0.603938612640717,1.4157151255054596,1.189656586625599,2786.6227239999994,184.0,0.193,0.097,0.817,0.5842614118895967,0.6241400758360844,1.3819167621838313,1.7870476384312362,2754.077289,157.0,0.3175,0.105,0.94525,0.5764772509578544,0.6472630192042613,1.3502255963879906,1.1827199007992115,12549.304898000002,696.0,0.274,0.098,0.943
e2972a4aa5d5,0.1621069444444444,0.1253419107138722,1.8884115838851376,5.199741677848316,181.393586,180.0,0.112,0.079,0.22,0.133209249084249,0.0919832620672643,3.851956778456096,27.35791441345873,114.46616799999998,182.0,0.114,0.084,0.153,0.1317941576086956,0.0929318233835331,3.385208054922295,19.50132626339615,114.84260100000002,184.0,0.109,0.083,0.143,0.2965938069216757,0.3647996709749487,1.728416380448319,1.3727117077570783,970.837046,183.0,0.132,0.101,0.197,0.1810015432098765,0.214945571496355,3.472512236348622,12.502861819026853,1381.5394009999995,729.0,0.117,0.086,0.172
e7b153decb4b,0.1193157407407407,0.1677573791841884,4.086308074443152,21.941997870367835,91.538174,90.0,0.058,0.041,0.119,0.09954718875502,0.1377322893013591,3.540693609064623,15.59183469135768,57.528614,6.0,0.059,0.038,0.11625,0.1085797101449275,0.1575935597013287,4.204769432020495,22.75570398568188,80.868626,7.0,0.05,0.042,0.1,0.0954393939393939,0.122797654715687,4.316748599878322,23.399481614749774,38.3137,4.0,0.06,0.049,0.097,0.1066137965760322,0.1496696703159134,4.135178515839158,22.58433956754085,268.249114,331.0,0.056,0.042,0.109
e9ae574ff977,0.6273243055555556,0.8099646769629886,1.6917186873222274,3.1092538330995367,4534.179389,180.0,0.1855,0.074,1.05525,0.4461190476190476,0.6352185052974709,2.082771536422652,4.222952167640919,2631.8281259999994,182.0,0.148,0.076,0.437,0.5030033967391304,0.6951902530866284,1.809828007440224,2.6898700897004693,3251.5092130000003,184.0,0.165,0.075,0.571,0.4755248178506375,0.6443503137250368,1.9873549419233487,3.4593160461439663,2816.638699,183.0,0.17,0.081,0.617,0.512600422953818,0.7026031263469739,1.9115865193013464,3.6269762823081697,13234.155426999998,729.0,0.165,0.078,0.66025
e9ba19111ba2,0.3030726851851852,0.3553767455686119,2.5242741995119893,7.89948871463694,471.194677,90.0,0.1895,0.06,0.373,0.2122252747252747,0.1512277186155758,2.540061131645102,10.315970676429224,148.314108,91.0,0.176,0.113,0.274,0.2462957427536231,0.2027478844668641,2.243811557381222,6.912557058159464,224.704401,92.0,0.207,0.10275,0.311,0.5701331585081585,0.4303311242515244,0.864645207630787,-0.7347739958593675,1751.1323369999996,143.0,0.374,0.247,0.996,0.3624454126602563,0.358585827799186,1.8559217717974577,3.022909246019834,2595.345522999999,1.0,0.247,0.129,0.409
eecaa816b74b,0.202349537037037,0.2859259083155668,4.8188183328746295,27.102003793418938,530.059508,180.0,0.148,0.09,0.223,0.1909052197802198,0.1597561133164695,4.387676081075139,30.51024827106633,270.671064,182.0,0.1735,0.105,0.225,0.1963829257246377,0.1799258247634353,5.818718280729875,48.80925276307289,313.26907899999986,184.0,0.175,0.114,0.234,0.346158195970696,0.2947817228431683,1.0477022985997315,-0.2426961903137319,902.960651,1.0,0.193,0.123,0.573,0.2339325778388278,0.2464043967749758,3.4467425823137146,16.941703091884357,2016.960302,728.0,0.171,0.109,0.241
f01cc7652e9e,0.4317780092592592,0.3806964232723145,1.183588800987018,1.7331519894826366,1431.4839089999998,180.0,0.339,0.087,0.661,0.3500125915750915,0.3157605035200103,1.5767265390181326,3.358873429679857,970.628611,182.0,0.257,0.077,0.502,0.347086277173913,0.303163813863597,1.2738196381530948,1.875390459722153,937.8576349999996,184.0,0.253,0.071,0.514,0.3679322916666667,0.3861537216303727,2.090942518813572,4.63466987728481,1256.3028409999995,184.0,0.224,0.109,0.449,0.3739530821917808,0.3500049162597937,1.6250908043681225,3.3439294554741164,4596.272995999999,730.0,0.255,0.099,0.533
f031c514ae35,0.8290694444444444,0.8144441638954724,1.0539716870165328,2.2398914284255484,2917.45895,90.0,0.746,0.073,1.407,0.4197596153846153,0.4920884833614732,2.0457290217646755,4.335101396643359,913.674675,91.0,0.215,0.089,0.52825,0.3837996031746031,0.5044550637784545,2.410232647280428,6.638013572286948,1417.469421,147.0,0.168,0.08,0.432,0.5929509368836292,0.6694484922945261,1.3931111330789203,1.253304931916757,3243.794507,169.0,0.231,0.106,1.00775,0.5421360663983904,0.6465756810679192,1.6973006339123322,3.3923650749031617,8492.397552999999,497.0,0.216,0.087,0.862
f1a487408720,0.0933925925925926,0.070239138746122,4.815874455728247,31.973029959377925,58.99268,180.0,0.079,0.059,0.103,0.1037216117216117,0.0639511451435228,6.542474183494113,73.31283171880104,64.85572200000001,182.0,0.093,0.076,0.113,0.1025217391304347,0.0672686789038418,4.330719187375336,25.568109409664302,66.398014,184.0,0.087,0.073,0.106,0.1371671220400729,0.0682700949093412,4.18852948754116,29.21140227356532,103.10494600000004,183.0,0.122,0.098,0.157,0.1092641746684956,0.0694845846890701,4.503262708388417,33.58666212204222,293.3513619999999,2.0,0.093,0.076,0.123
f695586984d6,0.2651199074074074,0.3861754914015786,3.124729368012864,12.027194696425868,473.947363,90.0,0.112,0.071,0.245,0.2146561355311355,0.2715602125955114,3.2259827891448505,12.36639119002221,261.691697,91.0,0.116,0.083,0.199,0.2772001811594203,0.3777135022987763,2.758385689921947,8.75941785009777,484.672406,92.0,0.12,0.081,0.264,0.1848963963963963,0.2553660281544168,3.7804685847885136,17.271564542467775,264.797566,111.0,0.113,0.048,0.173,0.2328656684027777,0.326983522074881,3.305264530008817,13.486576597273416,1485.1090319999998,384.0,0.115,0.077,0.207
fc6f5ded11aa,0.2657592592592592,0.2938910030496432,3.607460017481883,16.855015923011678,339.1197959999999,90.0,0.187,0.12,0.28125,0.2126263736263736,0.2404508710575695,3.312998033349261,13.591277935324149,225.010086,91.0,0.136,0.09,0.217,0.2604087837837838,0.2867119712226273,3.274257105158941,13.61049254996908,399.643927,111.0,0.168,0.115,0.269,0.251742673992674,0.247337300264249,2.9560546824318688,11.49684825209441,544.034898,3.0,0.1885,0.117,0.291,0.2489237869198312,0.2656687933905307,3.3037654357930024,14.450848233948305,1507.808707,474.0,0.172,0.11,0.273
fef3a0e21aab,0.2927613425925926,0.2596259305802849,2.116376281797425,8.09897003027122,661.456055,180.0,0.229,0.099,0.39,0.2821925366300366,0.2445813651988635,1.8020574741639763,4.370495610317686,609.1292709999999,182.0,0.2155,0.094,0.389,0.2697409420289854,0.2381047314577995,1.9123489978064885,4.9135514455960125,571.6690359999999,184.0,0.189,0.098,0.372,0.3570733151183971,0.2774759480184157,1.2966434876162758,2.045077982294476,898.138764,183.0,0.286,0.128,0.51325,0.3004565614997714,0.2575957077261404,1.754827425541726,4.600808515027989,2740.3931260000004,729.0,0.229,0.104,0.413
ceaddbf817fc,0.18778292328042326,0.20688524348733156,4.523546416238577,35.69289633059475,175.17422299999998,114.2,0.12209999999999999,0.06334999999999999,0.2475,0.12490581501831502,0.13903181349258092,5.046813280572526,38.715781244263454,134.1474086,65.2,0.09159999999999999,0.0522,0.14200000000000002,0.2631692708333333,0.1846450564413202,3.742175887478525,18.36858943987881,79.37423,32.0,0.2105,0.159,0.272,0.4570360486891386,0.3518438698048022,1.1669078073800456,0.4344738884352201,710.5960610000001,89.0,0.253,0.19075,0.7142499999999999,0.4057654958677685,0.3276929957817163,1.508875477345051,1.5135942644189546,789.9702910000001,121.0,0.236,0.183,0.57
d0fbcc1108d8,0.1047206018518518,0.11353213263907451,6.060991882660018,54.034375759019966,80.295859,144.0,0.0766,0.0526,0.11440000000000002,0.11162195660469929,0.10662828356876197,5.198304158063461,44.77069431744117,55.92927800000001,77.6,0.0925,0.06259999999999999,0.12089999999999998,0.150813492063492,0.1176494023846117,5.728429967660084,39.3711709073771,36.87877999999999,1.0,0.116,0.109,0.146,0.1844292929292929,0.1437716915579678,5.304941422253085,32.61732776298251,86.62019,1.0,0.146,0.134,0.178,0.1713564814814814,0.1352152499388108,5.429929846756673,34.9600264557258,123.49897,2.0,0.1385,0.119,0.169
