cups;fecha;hora;consumo_kWh;metodoObtencion;energiaVertida_kWh
d0fbcc1108d8;2023/04/20;01:00;0,216;;
d0fbcc1108d8;2023/04/20;02:00;0,177;;
d0fbcc1108d8;2023/04/20;03:00;0,156;;
d0fbcc1108d8;2023/04/20;04:00;0,146;;
d0fbcc1108d8;2023/04/20;05:00;0,142;;
d0fbcc1108d8;2023/04/20;06:00;0,146;;
d0fbcc1108d8;2023/04/20;07:00;0,166;;
d0fbcc1108d8;2023/04/20;08:00;0,202;;
d0fbcc1108d8;2023/04/20;09:00;0,199;;
d0fbcc1108d8;2023/04/20;10:00;0,214;;
d0fbcc1108d8;2023/04/20;11:00;0,128;;
d0fbcc1108d8;2023/04/20;12:00;0,130;;
d0fbcc1108d8;2023/04/20;13:00;0,133;;
d0fbcc1108d8;2023/04/20;14:00;0,140;;
d0fbcc1108d8;2023/04/20;15:00;0,246;;
d0fbcc1108d8;2023/04/20;16:00;0,227;;
d0fbcc1108d8;2023/04/20;17:00;0,214;;
d0fbcc1108d8;2023/04/20;18:00;0,211;;
d0fbcc1108d8;2023/04/20;19:00;0,121;;
d0fbcc1108d8;2023/04/20;20:00;0,129;;
d0fbcc1108d8;2023/04/20;21:00;0,150;;
d0fbcc1108d8;2023/04/20;22:00;0,175;;
d0fbcc1108d8;2023/04/20;23:00;0,281;;
d0fbcc1108d8;2023/04/20;24:00;0,235;;
d0fbcc1108d8;2023/04/21;01:00;0,142;;
d0fbcc1108d8;2023/04/21;02:00;0,116;;
d0fbcc1108d8;2023/04/21;03:00;0,120;;
d0fbcc1108d8;2023/04/21;04:00;0,105;;
d0fbcc1108d8;2023/04/21;05:00;0,111;;
d0fbcc1108d8;2023/04/21;06:00;0,104;;
d0fbcc1108d8;2023/04/21;07:00;0,111;;
d0fbcc1108d8;2023/04/21;08:00;0,110;;
d0fbcc1108d8;2023/04/21;09:00;0,160;;
d0fbcc1108d8;2023/04/21;10:00;0,398;;
d0fbcc1108d8;2023/04/21;11:00;0,180;;
d0fbcc1108d8;2023/04/21;12:00;0,181;;
d0fbcc1108d8;2023/04/21;13:00;0,187;;
d0fbcc1108d8;2023/04/21;14:00;0,278;;
d0fbcc1108d8;2023/04/21;15:00;0,370;;
d0fbcc1108d8;2023/04/21;16:00;0,220;;
d0fbcc1108d8;2023/04/21;17:00;1,129;;
d0fbcc1108d8;2023/04/21;18:00;0,197;;
d0fbcc1108d8;2023/04/21;19:00;0,205;;
d0fbcc1108d8;2023/04/21;20:00;0,200;;
d0fbcc1108d8;2023/04/21;21:00;0,497;;
d0fbcc1108d8;2023/04/21;22:00;0,314;;
d0fbcc1108d8;2023/04/21;23:00;0,206;;
d0fbcc1108d8;2023/04/21;24:00;0,205;;
d0fbcc1108d8;2023/04/22;01:00;0,177;;
d0fbcc1108d8;2023/04/22;02:00;0,131;;
d0fbcc1108d8;2023/04/22;03:00;0,119;;
d0fbcc1108d8;2023/04/22;04:00;0,136;;
d0fbcc1108d8;2023/04/22;05:00;0,111;;
d0fbcc1108d8;2023/04/22;06:00;0,124;;
d0fbcc1108d8;2023/04/22;07:00;0,148;;
d0fbcc1108d8;2023/04/22;08:00;0,149;;
d0fbcc1108d8;2023/04/22;09:00;0,151;;
d0fbcc1108d8;2023/04/22;10:00;0,446;;
d0fbcc1108d8;2023/04/22;11:00;0,406;;
d0fbcc1108d8;2023/04/22;12:00;0,366;;
d0fbcc1108d8;2023/04/22;13:00;0,393;;
d0fbcc1108d8;2023/04/22;14:00;0,128;;
d0fbcc1108d8;2023/04/22;15:00;0,834;;
d0fbcc1108d8;2023/04/22;16:00;0,542;;
d0fbcc1108d8;2023/04/22;17:00;0,143;;
d0fbcc1108d8;2023/04/22;18:00;0,195;;
d0fbcc1108d8;2023/04/22;19:00;0,204;;
d0fbcc1108d8;2023/04/22;20:00;0,203;;
d0fbcc1108d8;2023/04/22;21:00;0,201;;
d0fbcc1108d8;2023/04/22;22:00;0,195;;
d0fbcc1108d8;2023/04/22;23:00;0,265;;
d0fbcc1108d8;2023/04/22;24:00;0,320;;
d0fbcc1108d8;2023/04/23;01:00;0,831;;
d0fbcc1108d8;2023/04/23;02:00;0,585;;
d0fbcc1108d8;2023/04/23;03:00;0,134;;
d0fbcc1108d8;2023/04/23;04:00;0,128;;
d0fbcc1108d8;2023/04/23;05:00;0,113;;
d0fbcc1108d8;2023/04/23;06:00;0,117;;
d0fbcc1108d8;2023/04/23;07:00;0,122;;
d0fbcc1108d8;2023/04/23;08:00;0,119;;
d0fbcc1108d8;2023/04/23;09:00;0,457;;
d0fbcc1108d8;2023/04/23;10:00;0,685;;
d0fbcc1108d8;2023/04/23;11:00;0,624;;
d0fbcc1108d8;2023/04/23;12:00;0,376;;
d0fbcc1108d8;2023/04/23;13:00;0,815;;
d0fbcc1108d8;2023/04/23;14:00;0,184;;
d0fbcc1108d8;2023/04/23;15:00;0,177;;
d0fbcc1108d8;2023/04/23;16:00;0,595;;
d0fbcc1108d8;2023/04/23;17:00;0,230;;
d0fbcc1108d8;2023/04/23;18:00;0,235;;
d0fbcc1108d8;2023/04/23;19:00;0,237;;
d0fbcc1108d8;2023/04/23;20:00;0,244;;
d0fbcc1108d8;2023/04/23;21:00;0,220;;
d0fbcc1108d8;2023/04/23;22:00;0,406;;
d0fbcc1108d8;2023/04/23;23:00;0,251;;
d0fbcc1108d8;2023/04/23;24:00;0,274;;
d0fbcc1108d8;2023/04/24;01:00;0,203;;
d0fbcc1108d8;2023/04/24;02:00;0,172;;
d0fbcc1108d8;2023/04/24;03:00;0,124;;
d0fbcc1108d8;2023/04/24;04:00;0,121;;
d0fbcc1108d8;2023/04/24;05:00;0,122;;
d0fbcc1108d8;2023/04/24;06:00;0,122;;
d0fbcc1108d8;2023/04/24;07:00;0,107;;
d0fbcc1108d8;2023/04/24;08:00;0,135;;
d0fbcc1108d8;2023/04/24;09:00;0,257;;
d0fbcc1108d8;2023/04/24;10:00;0,532;;
d0fbcc1108d8;2023/04/24;11:00;0,191;;
d0fbcc1108d8;2023/04/24;12:00;0,162;;
d0fbcc1108d8;2023/04/24;13:00;0,123;;
d0fbcc1108d8;2023/04/24;14:00;0,230;;
d0fbcc1108d8;2023/04/24;15:00;0,205;;
d0fbcc1108d8;2023/04/24;16:00;0,183;;
d0fbcc1108d8;2023/04/24;17:00;0,193;;
d0fbcc1108d8;2023/04/24;18:00;0,181;;
d0fbcc1108d8;2023/04/24;19:00;0,188;;
d0fbcc1108d8;2023/04/24;20:00;0,210;;
d0fbcc1108d8;2023/04/24;21:00;0,198;;
d0fbcc1108d8;2023/04/24;22:00;0,204;;
d0fbcc1108d8;2023/04/24;23:00;0,729;;
d0fbcc1108d8;2023/04/24;24:00;0,604;;
d0fbcc1108d8;2023/04/25;01:00;0,192;;
d0fbcc1108d8;2023/04/25;02:00;0,150;;
d0fbcc1108d8;2023/04/25;03:00;0,150;;
d0fbcc1108d8;2023/04/25;04:00;0,179;;
d0fbcc1108d8;2023/04/25;05:00;0,109;;
d0fbcc1108d8;2023/04/25;06:00;0,187;;
d0fbcc1108d8;2023/04/25;07:00;0,120;;
d0fbcc1108d8;2023/04/25;08:00;0,192;;
d0fbcc1108d8;2023/04/25;09:00;0,227;;
d0fbcc1108d8;2023/04/25;10:00;0,307;;
d0fbcc1108d8;2023/04/25;11:00;0,154;;
d0fbcc1108d8;2023/04/25;12:00;0,097;;
d0fbcc1108d8;2023/04/25;13:00;0,117;;
d0fbcc1108d8;2023/04/25;14:00;0,193;;
d0fbcc1108d8;2023/04/25;15:00;0,219;;
d0fbcc1108d8;2023/04/25;16:00;0,191;;
d0fbcc1108d8;2023/04/25;17:00;0,202;;
d0fbcc1108d8;2023/04/25;18:00;0,181;;
d0fbcc1108d8;2023/04/25;19:00;0,185;;
d0fbcc1108d8;2023/04/25;20:00;0,205;;
d0fbcc1108d8;2023/04/25;21:00;0,185;;
d0fbcc1108d8;2023/04/25;22:00;0,308;;
d0fbcc1108d8;2023/04/25;23:00;0,253;;
d0fbcc1108d8;2023/04/25;24:00;0,228;;
d0fbcc1108d8;2023/04/26;01:00;0,206;;
d0fbcc1108d8;2023/04/26;02:00;0,180;;
d0fbcc1108d8;2023/04/26;03:00;0,116;;
d0fbcc1108d8;2023/04/26;04:00;0,126;;
d0fbcc1108d8;2023/04/26;05:00;0,110;;
d0fbcc1108d8;2023/04/26;06:00;0,119;;
d0fbcc1108d8;2023/04/26;07:00;0,118;;
d0fbcc1108d8;2023/04/26;08:00;0,121;;
d0fbcc1108d8;2023/04/26;09:00;0,141;;
d0fbcc1108d8;2023/04/26;10:00;0,228;;
d0fbcc1108d8;2023/04/26;11:00;0,182;;
d0fbcc1108d8;2023/04/26;12:00;0,188;;
d0fbcc1108d8;2023/04/26;13:00;0,195;;
d0fbcc1108d8;2023/04/26;14:00;0,190;;
d0fbcc1108d8;2023/04/26;15:00;0,298;;
d0fbcc1108d8;2023/04/26;16:00;0,188;;
d0fbcc1108d8;2023/04/26;17:00;0,233;;
d0fbcc1108d8;2023/04/26;18:00;0,196;;
d0fbcc1108d8;2023/04/26;19:00;0,151;;
d0fbcc1108d8;2023/04/26;20:00;0,220;;
d0fbcc1108d8;2023/04/26;21:00;0,236;;
d0fbcc1108d8;2023/04/26;22:00;0,256;;
d0fbcc1108d8;2023/04/26;23:00;0,227;;
d0fbcc1108d8;2023/04/26;24:00;0,196;;
d0fbcc1108d8;2023/04/27;01:00;0,145;;
d0fbcc1108d8;2023/04/27;02:00;0,149;;
d0fbcc1108d8;2023/04/27;03:00;0,190;;
d0fbcc1108d8;2023/04/27;04:00;0,155;;
d0fbcc1108d8;2023/04/27;05:00;0,107;;
d0fbcc1108d8;2023/04/27;06:00;0,126;;
d0fbcc1108d8;2023/04/27;07:00;0,114;;
d0fbcc1108d8;2023/04/27;08:00;0,123;;
d0fbcc1108d8;2023/04/27;09:00;0,300;;
d0fbcc1108d8;2023/04/27;10:00;0,119;;
d0fbcc1108d8;2023/04/27;11:00;0,129;;
d0fbcc1108d8;2023/04/27;12:00;0,118;;
d0fbcc1108d8;2023/04/27;13:00;0,134;;
d0fbcc1108d8;2023/04/27;14:00;0,629;;
d0fbcc1108d8;2023/04/27;15:00;0,206;;
d0fbcc1108d8;2023/04/27;16:00;0,200;;
d0fbcc1108d8;2023/04/27;17:00;0,184;;
d0fbcc1108d8;2023/04/27;18:00;0,182;;
d0fbcc1108d8;2023/04/27;19:00;0,169;;
d0fbcc1108d8;2023/04/27;20:00;0,179;;
d0fbcc1108d8;2023/04/27;21:00;0,147;;
d0fbcc1108d8;2023/04/27;22:00;0,224;;
d0fbcc1108d8;2023/04/27;23:00;0,218;;
d0fbcc1108d8;2023/04/27;24:00;0,215;;
d0fbcc1108d8;2023/04/28;01:00;0,233;;
d0fbcc1108d8;2023/04/28;02:00;0,149;;
d0fbcc1108d8;2023/04/28;03:00;0,131;;
d0fbcc1108d8;2023/04/28;04:00;0,137;;
d0fbcc1108d8;2023/04/28;05:00;0,130;;
d0fbcc1108d8;2023/04/28;06:00;0,124;;
d0fbcc1108d8;2023/04/28;07:00;0,174;;
d0fbcc1108d8;2023/04/28;08:00;0,222;;
d0fbcc1108d8;2023/04/28;09:00;0,117;;
d0fbcc1108d8;2023/04/28;10:00;0,111;;
d0fbcc1108d8;2023/04/28;11:00;0,109;;
d0fbcc1108d8;2023/04/28;12:00;0,110;;
d0fbcc1108d8;2023/04/28;13:00;0,110;;
d0fbcc1108d8;2023/04/28;14:00;0,113;;
d0fbcc1108d8;2023/04/28;15:00;0,115;;
d0fbcc1108d8;2023/04/28;16:00;0,115;;
d0fbcc1108d8;2023/04/28;17:00;0,162;;
d0fbcc1108d8;2023/04/28;18:00;0,143;;
d0fbcc1108d8;2023/04/28;19:00;0,117;;
d0fbcc1108d8;2023/04/28;20:00;0,115;;
d0fbcc1108d8;2023/04/28;21:00;0,114;;
d0fbcc1108d8;2023/04/28;22:00;0,110;;
d0fbcc1108d8;2023/04/28;23:00;0,113;;
d0fbcc1108d8;2023/04/28;24:00;0,113;;
d0fbcc1108d8;2023/04/29;01:00;0,114;;
d0fbcc1108d8;2023/04/29;02:00;0,115;;
d0fbcc1108d8;2023/04/29;03:00;0,114;;
d0fbcc1108d8;2023/04/29;04:00;0,115;;
d0fbcc1108d8;2023/04/29;05:00;0,113;;
d0fbcc1108d8;2023/04/29;06:00;0,114;;
d0fbcc1108d8;2023/04/29;07:00;0,113;;
d0fbcc1108d8;2023/04/29;08:00;0,114;;
d0fbcc1108d8;2023/04/29;09:00;0,114;;
d0fbcc1108d8;2023/04/29;10:00;0,133;;
d0fbcc1108d8;2023/04/29;11:00;0,161;;
d0fbcc1108d8;2023/04/29;12:00;0,117;;
d0fbcc1108d8;2023/04/29;13:00;0,113;;
d0fbcc1108d8;2023/04/29;14:00;0,113;;
d0fbcc1108d8;2023/04/29;15:00;0,112;;
d0fbcc1108d8;2023/04/29;16:00;0,114;;
d0fbcc1108d8;2023/04/29;17:00;0,113;;
d0fbcc1108d8;2023/04/29;18:00;0,114;;
d0fbcc1108d8;2023/04/29;19:00;0,117;;
d0fbcc1108d8;2023/04/29;20:00;0,115;;
d0fbcc1108d8;2023/04/29;21:00;0,115;;
d0fbcc1108d8;2023/04/29;22:00;0,115;;
d0fbcc1108d8;2023/04/29;23:00;0,115;;
d0fbcc1108d8;2023/04/29;24:00;0,115;;
d0fbcc1108d8;2023/04/30;01:00;0,115;;
d0fbcc1108d8;2023/04/30;02:00;0,116;;
d0fbcc1108d8;2023/04/30;03:00;0,115;;
d0fbcc1108d8;2023/04/30;04:00;0,157;;
d0fbcc1108d8;2023/04/30;05:00;0,145;;
d0fbcc1108d8;2023/04/30;06:00;0,116;;
d0fbcc1108d8;2023/04/30;07:00;0,114;;
d0fbcc1108d8;2023/04/30;08:00;0,112;;
d0fbcc1108d8;2023/04/30;09:00;0,110;;
d0fbcc1108d8;2023/04/30;10:00;0,112;;
d0fbcc1108d8;2023/04/30;11:00;0,111;;
d0fbcc1108d8;2023/04/30;12:00;0,114;;
d0fbcc1108d8;2023/04/30;13:00;0,114;;
d0fbcc1108d8;2023/04/30;14:00;0,114;;
d0fbcc1108d8;2023/04/30;15:00;0,115;;
d0fbcc1108d8;2023/04/30;16:00;0,115;;
d0fbcc1108d8;2023/04/30;17:00;0,114;;
d0fbcc1108d8;2023/04/30;18:00;0,111;;
d0fbcc1108d8;2023/04/30;19:00;0,109;;
d0fbcc1108d8;2023/04/30;20:00;0,110;;
d0fbcc1108d8;2023/04/30;21:00;0,111;;
d0fbcc1108d8;2023/04/30;22:00;0,158;;
d0fbcc1108d8;2023/04/30;23:00;0,144;;
d0fbcc1108d8;2023/04/30;24:00;0,118;;
d0fbcc1108d8;2023/05/01;01:00;0,115;;
d0fbcc1108d8;2023/05/01;02:00;0,115;;
d0fbcc1108d8;2023/05/01;03:00;0,115;;
d0fbcc1108d8;2023/05/01;04:00;0,109;;
d0fbcc1108d8;2023/05/01;05:00;0,109;;
d0fbcc1108d8;2023/05/01;06:00;0,109;;
d0fbcc1108d8;2023/05/01;07:00;0,109;;
d0fbcc1108d8;2023/05/01;08:00;0,114;;
d0fbcc1108d8;2023/05/01;09:00;0,115;;
d0fbcc1108d8;2023/05/01;10:00;0,113;;
d0fbcc1108d8;2023/05/01;11:00;0,113;;
d0fbcc1108d8;2023/05/01;12:00;0,107;;
d0fbcc1108d8;2023/05/01;13:00;0,106;;
d0fbcc1108d8;2023/05/01;14:00;0,107;;
d0fbcc1108d8;2023/05/01;15:00;0,107;;
d0fbcc1108d8;2023/05/01;16:00;0,140;;
d0fbcc1108d8;2023/05/01;17:00;0,151;;
d0fbcc1108d8;2023/05/01;18:00;0,119;;
d0fbcc1108d8;2023/05/01;19:00;0,116;;
d0fbcc1108d8;2023/05/01;20:00;0,108;;
d0fbcc1108d8;2023/05/01;21:00;0,109;;
d0fbcc1108d8;2023/05/01;22:00;0,108;;
d0fbcc1108d8;2023/05/01;23:00;0,106;;
d0fbcc1108d8;2023/05/01;24:00;0,113;;
d0fbcc1108d8;2023/05/02;01:00;0,113;;
d0fbcc1108d8;2023/05/02;02:00;0,114;;
d0fbcc1108d8;2023/05/02;03:00;0,113;;
d0fbcc1108d8;2023/05/02;04:00;0,114;;
d0fbcc1108d8;2023/05/02;05:00;0,109;;
d0fbcc1108d8;2023/05/02;06:00;0,106;;
d0fbcc1108d8;2023/05/02;07:00;0,107;;
d0fbcc1108d8;2023/05/02;08:00;0,108;;
d0fbcc1108d8;2023/05/02;09:00;0,112;;
d0fbcc1108d8;2023/05/02;10:00;0,122;;
d0fbcc1108d8;2023/05/02;11:00;0,163;;
d0fbcc1108d8;2023/05/02;12:00;0,117;;
d0fbcc1108d8;2023/05/02;13:00;0,114;;
d0fbcc1108d8;2023/05/02;14:00;0,110;;
d0fbcc1108d8;2023/05/02;15:00;0,108;;
d0fbcc1108d8;2023/05/02;16:00;0,107;;
d0fbcc1108d8;2023/05/02;17:00;0,106;;
d0fbcc1108d8;2023/05/02;18:00;0,108;;
d0fbcc1108d8;2023/05/02;19:00;0,110;;
d0fbcc1108d8;2023/05/02;20:00;0,109;;
d0fbcc1108d8;2023/05/02;21:00;0,110;;
d0fbcc1108d8;2023/05/02;22:00;0,111;;
d0fbcc1108d8;2023/05/02;23:00;0,113;;
d0fbcc1108d8;2023/05/02;24:00;0,112;;
d0fbcc1108d8;2023/05/03;01:00;0,112;;
d0fbcc1108d8;2023/05/03;02:00;0,112;;
d0fbcc1108d8;2023/05/03;03:00;0,112;;
d0fbcc1108d8;2023/05/03;04:00;0,111;;
d0fbcc1108d8;2023/05/03;05:00;0,158;;
d0fbcc1108d8;2023/05/03;06:00;0,137;;
d0fbcc1108d8;2023/05/03;07:00;0,113;;
d0fbcc1108d8;2023/05/03;08:00;0,111;;
d0fbcc1108d8;2023/05/03;09:00;0,111;;
d0fbcc1108d8;2023/05/03;10:00;0,108;;
d0fbcc1108d8;2023/05/03;11:00;0,110;;
d0fbcc1108d8;2023/05/03;12:00;0,108;;
d0fbcc1108d8;2023/05/03;13:00;0,107;;
d0fbcc1108d8;2023/05/03;14:00;0,109;;
d0fbcc1108d8;2023/05/03;15:00;0,109;;
d0fbcc1108d8;2023/05/03;16:00;0,111;;
d0fbcc1108d8;2023/05/03;17:00;0,110;;
d0fbcc1108d8;2023/05/03;18:00;0,112;;
d0fbcc1108d8;2023/05/03;19:00;0,111;;
d0fbcc1108d8;2023/05/03;20:00;0,111;;
d0fbcc1108d8;2023/05/03;21:00;0,110;;
d0fbcc1108d8;2023/05/03;22:00;0,110;;
d0fbcc1108d8;2023/05/03;23:00;0,139;;
d0fbcc1108d8;2023/05/03;24:00;0,149;;
d0fbcc1108d8;2023/05/04;01:00;0,116;;
d0fbcc1108d8;2023/05/04;02:00;0,115;;
d0fbcc1108d8;2023/05/04;03:00;0,112;;
d0fbcc1108d8;2023/05/04;04:00;0,111;;
d0fbcc1108d8;2023/05/04;05:00;0,111;;
d0fbcc1108d8;2023/05/04;06:00;0,111;;
d0fbcc1108d8;2023/05/04;07:00;0,112;;
d0fbcc1108d8;2023/05/04;08:00;0,111;;
d0fbcc1108d8;2023/05/04;09:00;0,111;;
d0fbcc1108d8;2023/05/04;10:00;0,114;;
d0fbcc1108d8;2023/05/04;11:00;0,112;;
d0fbcc1108d8;2023/05/04;12:00;0,114;;
d0fbcc1108d8;2023/05/04;13:00;0,115;;
d0fbcc1108d8;2023/05/04;14:00;0,111;;
d0fbcc1108d8;2023/05/04;15:00;0,112;;
d0fbcc1108d8;2023/05/04;16:00;0,113;;
d0fbcc1108d8;2023/05/04;17:00;0,118;;
d0fbcc1108d8;2023/05/04;18:00;0,164;;
d0fbcc1108d8;2023/05/04;19:00;0,119;;
d0fbcc1108d8;2023/05/04;20:00;0,116;;
d0fbcc1108d8;2023/05/04;21:00;0,113;;
d0fbcc1108d8;2023/05/04;22:00;0,112;;
d0fbcc1108d8;2023/05/04;23:00;0,112;;
d0fbcc1108d8;2023/05/04;24:00;0,110;;
d0fbcc1108d8;2023/05/05;01:00;0,111;;
d0fbcc1108d8;2023/05/05;02:00;0,111;;
d0fbcc1108d8;2023/05/05;03:00;0,113;;
d0fbcc1108d8;2023/05/05;04:00;0,112;;
d0fbcc1108d8;2023/05/05;05:00;0,110;;
d0fbcc1108d8;2023/05/05;06:00;0,110;;
d0fbcc1108d8;2023/05/05;07:00;0,113;;
d0fbcc1108d8;2023/05/05;08:00;0,110;;
d0fbcc1108d8;2023/05/05;09:00;0,110;;
d0fbcc1108d8;2023/05/05;10:00;0,109;;
d0fbcc1108d8;2023/05/05;11:00;0,111;;
d0fbcc1108d8;2023/05/05;12:00;0,171;;
d0fbcc1108d8;2023/05/05;13:00;0,118;;
d0fbcc1108d8;2023/05/05;14:00;0,112;;
d0fbcc1108d8;2023/05/05;15:00;0,112;;
d0fbcc1108d8;2023/05/05;16:00;0,111;;
d0fbcc1108d8;2023/05/05;17:00;0,121;;
d0fbcc1108d8;2023/05/05;18:00;0,130;;
d0fbcc1108d8;2023/05/05;19:00;0,110;;
d0fbcc1108d8;2023/05/05;20:00;0,111;;
d0fbcc1108d8;2023/05/05;21:00;0,111;;
d0fbcc1108d8;2023/05/05;22:00;0,109;;
d0fbcc1108d8;2023/05/05;23:00;0,109;;
d0fbcc1108d8;2023/05/05;24:00;0,110;;
d0fbcc1108d8;2023/05/06;01:00;0,110;;
d0fbcc1108d8;2023/05/06;02:00;0,110;;
d0fbcc1108d8;2023/05/06;03:00;0,111;;
d0fbcc1108d8;2023/05/06;04:00;0,109;;
d0fbcc1108d8;2023/05/06;05:00;0,108;;
d0fbcc1108d8;2023/05/06;06:00;0,156;;
d0fbcc1108d8;2023/05/06;07:00;0,137;;
d0fbcc1108d8;2023/05/06;08:00;0,110;;
d0fbcc1108d8;2023/05/06;09:00;0,110;;
d0fbcc1108d8;2023/05/06;10:00;0,110;;
d0fbcc1108d8;2023/05/06;11:00;0,110;;
d0fbcc1108d8;2023/05/06;12:00;0,109;;
d0fbcc1108d8;2023/05/06;13:00;0,110;;
d0fbcc1108d8;2023/05/06;14:00;0,110;;
d0fbcc1108d8;2023/05/06;15:00;0,110;;
d0fbcc1108d8;2023/05/06;16:00;0,111;;
d0fbcc1108d8;2023/05/06;17:00;0,111;;
d0fbcc1108d8;2023/05/06;18:00;0,112;;
d0fbcc1108d8;2023/05/06;19:00;0,112;;
d0fbcc1108d8;2023/05/06;20:00;0,111;;
d0fbcc1108d8;2023/05/06;21:00;0,111;;
d0fbcc1108d8;2023/05/06;22:00;0,110;;
d0fbcc1108d8;2023/05/06;23:00;0,109;;
d0fbcc1108d8;2023/05/06;24:00;0,139;;
d0fbcc1108d8;2023/05/07;01:00;0,154;;
d0fbcc1108d8;2023/05/07;02:00;0,114;;
d0fbcc1108d8;2023/05/07;03:00;0,112;;
d0fbcc1108d8;2023/05/07;04:00;0,111;;
d0fbcc1108d8;2023/05/07;05:00;0,109;;
d0fbcc1108d8;2023/05/07;06:00;0,109;;
d0fbcc1108d8;2023/05/07;07:00;0,109;;
d0fbcc1108d8;2023/05/07;08:00;0,109;;
d0fbcc1108d8;2023/05/07;09:00;0,109;;
d0fbcc1108d8;2023/05/07;10:00;0,108;;
d0fbcc1108d8;2023/05/07;11:00;0,109;;
d0fbcc1108d8;2023/05/07;12:00;0,110;;
d0fbcc1108d8;2023/05/07;13:00;0,109;;
d0fbcc1108d8;2023/05/07;14:00;0,110;;
d0fbcc1108d8;2023/05/07;15:00;0,110;;
d0fbcc1108d8;2023/05/07;16:00;0,112;;
d0fbcc1108d8;2023/05/07;17:00;0,112;;
d0fbcc1108d8;2023/05/07;18:00;0,113;;
d0fbcc1108d8;2023/05/07;19:00;0,201;;
d0fbcc1108d8;2023/05/07;20:00;0,149;;
d0fbcc1108d8;2023/05/07;21:00;0,130;;
d0fbcc1108d8;2023/05/07;22:00;0,127;;
d0fbcc1108d8;2023/05/07;23:00;0,130;;
d0fbcc1108d8;2023/05/07;24:00;0,196;;
d0fbcc1108d8;2023/05/08;01:00;0,222;;
d0fbcc1108d8;2023/05/08;02:00;0,183;;
d0fbcc1108d8;2023/05/08;03:00;0,122;;
d0fbcc1108d8;2023/05/08;04:00;0,128;;
d0fbcc1108d8;2023/05/08;05:00;0,126;;
d0fbcc1108d8;2023/05/08;06:00;0,128;;
d0fbcc1108d8;2023/05/08;07:00;0,119;;
d0fbcc1108d8;2023/05/08;08:00;0,124;;
d0fbcc1108d8;2023/05/08;09:00;0,119;;
d0fbcc1108d8;2023/05/08;10:00;0,159;;
d0fbcc1108d8;2023/05/08;11:00;0,189;;
d0fbcc1108d8;2023/05/08;12:00;0,131;;
d0fbcc1108d8;2023/05/08;13:00;0,120;;
d0fbcc1108d8;2023/05/08;14:00;0,116;;
d0fbcc1108d8;2023/05/08;15:00;0,137;;
d0fbcc1108d8;2023/05/08;16:00;0,203;;
d0fbcc1108d8;2023/05/08;17:00;0,136;;
d0fbcc1108d8;2023/05/08;18:00;0,125;;
d0fbcc1108d8;2023/05/08;19:00;0,132;;
d0fbcc1108d8;2023/05/08;20:00;0,123;;
d0fbcc1108d8;2023/05/08;21:00;0,130;;
d0fbcc1108d8;2023/05/08;22:00;0,132;;
d0fbcc1108d8;2023/05/08;23:00;0,132;;
d0fbcc1108d8;2023/05/08;24:00;0,170;;
d0fbcc1108d8;2023/05/09;01:00;0,122;;
d0fbcc1108d8;2023/05/09;02:00;0,195;;
d0fbcc1108d8;2023/05/09;03:00;0,148;;
d0fbcc1108d8;2023/05/09;04:00;0,129;;
d0fbcc1108d8;2023/05/09;05:00;0,135;;
d0fbcc1108d8;2023/05/09;06:00;0,133;;
d0fbcc1108d8;2023/05/09;07:00;0,129;;
d0fbcc1108d8;2023/05/09;08:00;0,123;;
d0fbcc1108d8;2023/05/09;09:00;0,128;;
d0fbcc1108d8;2023/05/09;10:00;0,120;;
d0fbcc1108d8;2023/05/09;11:00;0,127;;
d0fbcc1108d8;2023/05/09;12:00;0,131;;
d0fbcc1108d8;2023/05/09;13:00;0,132;;
d0fbcc1108d8;2023/05/09;14:00;0,125;;
d0fbcc1108d8;2023/05/09;15:00;0,123;;
d0fbcc1108d8;2023/05/09;16:00;0,131;;
d0fbcc1108d8;2023/05/09;17:00;0,171;;
d0fbcc1108d8;2023/05/09;18:00;0,197;;
d0fbcc1108d8;2023/05/09;19:00;0,137;;
d0fbcc1108d8;2023/05/09;20:00;0,136;;
d0fbcc1108d8;2023/05/09;21:00;0,131;;
d0fbcc1108d8;2023/05/09;22:00;0,136;;
d0fbcc1108d8;2023/05/09;23:00;0,136;;
d0fbcc1108d8;2023/05/09;24:00;0,128;;
d0fbcc1108d8;2023/05/10;01:00;0,125;;
d0fbcc1108d8;2023/05/10;02:00;0,126;;
d0fbcc1108d8;2023/05/10;03:00;0,168;;
d0fbcc1108d8;2023/05/10;04:00;0,137;;
d0fbcc1108d8;2023/05/10;05:00;0,127;;
d0fbcc1108d8;2023/05/10;06:00;0,125;;
d0fbcc1108d8;2023/05/10;07:00;0,120;;
d0fbcc1108d8;2023/05/10;08:00;0,117;;
d0fbcc1108d8;2023/05/10;09:00;0,117;;
d0fbcc1108d8;2023/05/10;10:00;0,196;;
d0fbcc1108d8;2023/05/10;11:00;0,131;;
d0fbcc1108d8;2023/05/10;12:00;0,125;;
d0fbcc1108d8;2023/05/10;13:00;0,119;;
d0fbcc1108d8;2023/05/10;14:00;0,119;;
d0fbcc1108d8;2023/05/10;15:00;0,117;;
d0fbcc1108d8;2023/05/10;16:00;0,165;;
d0fbcc1108d8;2023/05/10;17:00;0,177;;
d0fbcc1108d8;2023/05/10;18:00;0,138;;
d0fbcc1108d8;2023/05/10;19:00;0,129;;
d0fbcc1108d8;2023/05/10;20:00;0,122;;
d0fbcc1108d8;2023/05/10;21:00;0,114;;
d0fbcc1108d8;2023/05/10;22:00;0,118;;
d0fbcc1108d8;2023/05/10;23:00;0,123;;
d0fbcc1108d8;2023/05/10;24:00;0,172;;
d0fbcc1108d8;2023/05/11;01:00;0,162;;
d0fbcc1108d8;2023/05/11;02:00;0,128;;
d0fbcc1108d8;2023/05/11;03:00;0,179;;
d0fbcc1108d8;2023/05/11;04:00;0,127;;
d0fbcc1108d8;2023/05/11;05:00;0,124;;
d0fbcc1108d8;2023/05/11;06:00;0,126;;
d0fbcc1108d8;2023/05/11;07:00;0,128;;
d0fbcc1108d8;2023/05/11;08:00;0,121;;
d0fbcc1108d8;2023/05/11;09:00;0,124;;
d0fbcc1108d8;2023/05/11;10:00;0,130;;
d0fbcc1108d8;2023/05/11;11:00;0,112;;
d0fbcc1108d8;2023/05/11;12:00;0,117;;
d0fbcc1108d8;2023/05/11;13:00;0,116;;
d0fbcc1108d8;2023/05/11;14:00;0,120;;
d0fbcc1108d8;2023/05/11;15:00;0,116;;
d0fbcc1108d8;2023/05/11;16:00;0,119;;
d0fbcc1108d8;2023/05/11;17:00;0,208;;
d0fbcc1108d8;2023/05/11;18:00;0,122;;
d0fbcc1108d8;2023/05/11;19:00;0,146;;
d0fbcc1108d8;2023/05/11;20:00;0,119;;
d0fbcc1108d8;2023/05/11;21:00;0,182;;
d0fbcc1108d8;2023/05/11;22:00;0,119;;
d0fbcc1108d8;2023/05/11;23:00;0,115;;
d0fbcc1108d8;2023/05/11;24:00;0,154;;
d0fbcc1108d8;2023/05/12;01:00;0,132;;
d0fbcc1108d8;2023/05/12;02:00;0,149;;
d0fbcc1108d8;2023/05/12;03:00;0,151;;
d0fbcc1108d8;2023/05/12;04:00;0,111;;
d0fbcc1108d8;2023/05/12;05:00;0,120;;
d0fbcc1108d8;2023/05/12;06:00;0,113;;
d0fbcc1108d8;2023/05/12;07:00;0,113;;
d0fbcc1108d8;2023/05/12;08:00;0,101;;
d0fbcc1108d8;2023/05/12;09:00;0,098;;
d0fbcc1108d8;2023/05/12;10:00;0,106;;
d0fbcc1108d8;2023/05/12;11:00;0,108;;
d0fbcc1108d8;2023/05/12;12:00;0,115;;
d0fbcc1108d8;2023/05/12;13:00;0,114;;
d0fbcc1108d8;2023/05/12;14:00;0,105;;
d0fbcc1108d8;2023/05/12;15:00;0,098;;
d0fbcc1108d8;2023/05/12;16:00;0,321;;
d0fbcc1108d8;2023/05/12;17:00;0,133;;
d0fbcc1108d8;2023/05/12;18:00;0,124;;
d0fbcc1108d8;2023/05/12;19:00;0,106;;
d0fbcc1108d8;2023/05/12;20:00;0,099;;
d0fbcc1108d8;2023/05/12;21:00;0,100;;
d0fbcc1108d8;2023/05/12;22:00;0,104;;
d0fbcc1108d8;2023/05/12;23:00;0,116;;
d0fbcc1108d8;2023/05/12;24:00;0,138;;
d0fbcc1108d8;2023/05/13;01:00;0,124;;
d0fbcc1108d8;2023/05/13;02:00;0,111;;
d0fbcc1108d8;2023/05/13;03:00;0,101;;
d0fbcc1108d8;2023/05/13;04:00;0,100;;
d0fbcc1108d8;2023/05/13;05:00;0,113;;
d0fbcc1108d8;2023/05/13;06:00;0,116;;
d0fbcc1108d8;2023/05/13;07:00;0,109;;
d0fbcc1108d8;2023/05/13;08:00;0,096;;
d0fbcc1108d8;2023/05/13;09:00;0,126;;
d0fbcc1108d8;2023/05/13;10:00;0,142;;
d0fbcc1108d8;2023/05/13;11:00;0,122;;
d0fbcc1108d8;2023/05/13;12:00;0,104;;
d0fbcc1108d8;2023/05/13;13:00;0,135;;
d0fbcc1108d8;2023/05/13;14:00;0,134;;
d0fbcc1108d8;2023/05/13;15:00;0,099;;
d0fbcc1108d8;2023/05/13;16:00;0,108;;
d0fbcc1108d8;2023/05/13;17:00;0,129;;
d0fbcc1108d8;2023/05/13;18:00;0,119;;
d0fbcc1108d8;2023/05/13;19:00;0,107;;
d0fbcc1108d8;2023/05/13;20:00;0,099;;
d0fbcc1108d8;2023/05/13;21:00;0,108;;
d0fbcc1108d8;2023/05/13;22:00;0,110;;
d0fbcc1108d8;2023/05/13;23:00;0,102;;
d0fbcc1108d8;2023/05/13;24:00;0,102;;
d0fbcc1108d8;2023/05/14;01:00;0,106;;
d0fbcc1108d8;2023/05/14;02:00;0,139;;
d0fbcc1108d8;2023/05/14;03:00;0,117;;
d0fbcc1108d8;2023/05/14;04:00;0,104;;
d0fbcc1108d8;2023/05/14;05:00;0,110;;
d0fbcc1108d8;2023/05/14;06:00;0,118;;
d0fbcc1108d8;2023/05/14;07:00;0,122;;
d0fbcc1108d8;2023/05/14;08:00;0,108;;
d0fbcc1108d8;2023/05/14;09:00;0,116;;
d0fbcc1108d8;2023/05/14;10:00;0,160;;
d0fbcc1108d8;2023/05/14;11:00;0,129;;
d0fbcc1108d8;2023/05/14;12:00;0,115;;
d0fbcc1108d8;2023/05/14;13:00;0,100;;
d0fbcc1108d8;2023/05/14;14:00;0,099;;
d0fbcc1108d8;2023/05/14;15:00;0,109;;
d0fbcc1108d8;2023/05/14;16:00;0,110;;
d0fbcc1108d8;2023/05/14;17:00;0,111;;
d0fbcc1108d8;2023/05/14;18:00;0,108;;
d0fbcc1108d8;2023/05/14;19:00;0,109;;
d0fbcc1108d8;2023/05/14;20:00;0,111;;
d0fbcc1108d8;2023/05/14;21:00;0,108;;
d0fbcc1108d8;2023/05/14;22:00;0,096;;
d0fbcc1108d8;2023/05/14;23:00;0,099;;
d0fbcc1108d8;2023/05/14;24:00;0,144;;
d0fbcc1108d8;2023/05/15;01:00;0,154;;
d0fbcc1108d8;2023/05/15;02:00;0,118;;
d0fbcc1108d8;2023/05/15;03:00;0,111;;
d0fbcc1108d8;2023/05/15;04:00;0,097;;
d0fbcc1108d8;2023/05/15;05:00;0,099;;
d0fbcc1108d8;2023/05/15;06:00;0,155;;
d0fbcc1108d8;2023/05/15;07:00;0,144;;
d0fbcc1108d8;2023/05/15;08:00;0,109;;
d0fbcc1108d8;2023/05/15;09:00;0,102;;
d0fbcc1108d8;2023/05/15;10:00;0,130;;
d0fbcc1108d8;2023/05/15;11:00;0,125;;
d0fbcc1108d8;2023/05/15;12:00;0,103;;
d0fbcc1108d8;2023/05/15;13:00;0,111;;
d0fbcc1108d8;2023/05/15;14:00;0,095;;
d0fbcc1108d8;2023/05/15;15:00;0,195;;
d0fbcc1108d8;2023/05/15;16:00;0,144;;
d0fbcc1108d8;2023/05/15;17:00;0,132;;
d0fbcc1108d8;2023/05/15;18:00;0,113;;
d0fbcc1108d8;2023/05/15;19:00;0,107;;
d0fbcc1108d8;2023/05/15;20:00;0,109;;
d0fbcc1108d8;2023/05/15;21:00;0,101;;
d0fbcc1108d8;2023/05/15;22:00;0,093;;
d0fbcc1108d8;2023/05/15;23:00;0,111;;
d0fbcc1108d8;2023/05/15;24:00;0,120;;
d0fbcc1108d8;2023/05/16;01:00;0,135;;
d0fbcc1108d8;2023/05/16;02:00;0,137;;
d0fbcc1108d8;2023/05/16;03:00;0,158;;
d0fbcc1108d8;2023/05/16;04:00;0,124;;
d0fbcc1108d8;2023/05/16;05:00;0,095;;
d0fbcc1108d8;2023/05/16;06:00;0,102;;
d0fbcc1108d8;2023/05/16;07:00;0,116;;
d0fbcc1108d8;2023/05/16;08:00;0,089;;
d0fbcc1108d8;2023/05/16;09:00;0,115;;
d0fbcc1108d8;2023/05/16;10:00;0,104;;
d0fbcc1108d8;2023/05/16;11:00;0,100;;
d0fbcc1108d8;2023/05/16;12:00;0,117;;
d0fbcc1108d8;2023/05/16;13:00;0,086;;
d0fbcc1108d8;2023/05/16;14:00;0,100;;
d0fbcc1108d8;2023/05/16;15:00;0,107;;
d0fbcc1108d8;2023/05/16;16:00;0,092;;
d0fbcc1108d8;2023/05/16;17:00;0,154;;
d0fbcc1108d8;2023/05/16;18:00;0,124;;
d0fbcc1108d8;2023/05/16;19:00;0,109;;
d0fbcc1108d8;2023/05/16;20:00;0,100;;
d0fbcc1108d8;2023/05/16;21:00;0,103;;
d0fbcc1108d8;2023/05/16;22:00;0,108;;
d0fbcc1108d8;2023/05/16;23:00;0,144;;
d0fbcc1108d8;2023/05/16;24:00;0,191;;
d0fbcc1108d8;2023/05/17;01:00;0,184;;
d0fbcc1108d8;2023/05/17;02:00;0,139;;
d0fbcc1108d8;2023/05/17;03:00;0,106;;
d0fbcc1108d8;2023/05/17;04:00;0,092;;
d0fbcc1108d8;2023/05/17;05:00;0,119;;
d0fbcc1108d8;2023/05/17;06:00;0,106;;
d0fbcc1108d8;2023/05/17;07:00;0,109;;
d0fbcc1108d8;2023/05/17;08:00;0,106;;
d0fbcc1108d8;2023/05/17;09:00;0,102;;
d0fbcc1108d8;2023/05/17;10:00;0,104;;
d0fbcc1108d8;2023/05/17;11:00;0,099;;
d0fbcc1108d8;2023/05/17;12:00;0,121;;
d0fbcc1108d8;2023/05/17;13:00;0,093;;
d0fbcc1108d8;2023/05/17;14:00;0,110;;
d0fbcc1108d8;2023/05/17;15:00;0,088;;
d0fbcc1108d8;2023/05/17;16:00;0,574;;
d0fbcc1108d8;2023/05/17;17:00;0,119;;
d0fbcc1108d8;2023/05/17;18:00;0,100;;
d0fbcc1108d8;2023/05/17;19:00;0,115;;
d0fbcc1108d8;2023/05/17;20:00;0,132;;
d0fbcc1108d8;2023/05/17;21:00;0,135;;
d0fbcc1108d8;2023/05/17;22:00;0,108;;
d0fbcc1108d8;2023/05/17;23:00;0,117;;
d0fbcc1108d8;2023/05/17;24:00;0,109;;
d0fbcc1108d8;2023/05/18;01:00;0,177;;
d0fbcc1108d8;2023/05/18;02:00;0,127;;
d0fbcc1108d8;2023/05/18;03:00;0,119;;
d0fbcc1108d8;2023/05/18;04:00;0,107;;
d0fbcc1108d8;2023/05/18;05:00;0,104;;
d0fbcc1108d8;2023/05/18;06:00;0,113;;
d0fbcc1108d8;2023/05/18;07:00;0,087;;
d0fbcc1108d8;2023/05/18;08:00;0,115;;
d0fbcc1108d8;2023/05/18;09:00;0,086;;
d0fbcc1108d8;2023/05/18;10:00;0,107;;
d0fbcc1108d8;2023/05/18;11:00;0,096;;
d0fbcc1108d8;2023/05/18;12:00;0,098;;
d0fbcc1108d8;2023/05/18;13:00;0,108;;
d0fbcc1108d8;2023/05/18;14:00;0,090;;
d0fbcc1108d8;2023/05/18;15:00;0,115;;
d0fbcc1108d8;2023/05/18;16:00;0,157;;
d0fbcc1108d8;2023/05/18;17:00;0,111;;
d0fbcc1108d8;2023/05/18;18:00;0,159;;
d0fbcc1108d8;2023/05/18;19:00;0,131;;
d0fbcc1108d8;2023/05/18;20:00;0,101;;
d0fbcc1108d8;2023/05/18;21:00;0,105;;
d0fbcc1108d8;2023/05/18;22:00;0,112;;
d0fbcc1108d8;2023/05/18;23:00;0,107;;
d0fbcc1108d8;2023/05/18;24:00;0,124;;
d0fbcc1108d8;2023/05/19;01:00;0,118;;
d0fbcc1108d8;2023/05/19;02:00;0,107;;
d0fbcc1108d8;2023/05/19;03:00;0,101;;
d0fbcc1108d8;2023/05/19;04:00;0,119;;
d0fbcc1108d8;2023/05/19;05:00;0,099;;
d0fbcc1108d8;2023/05/19;06:00;0,100;;
d0fbcc1108d8;2023/05/19;07:00;0,109;;
d0fbcc1108d8;2023/05/19;08:00;0,088;;
d0fbcc1108d8;2023/05/19;09:00;0,132;;
d0fbcc1108d8;2023/05/19;10:00;0,101;;
d0fbcc1108d8;2023/05/19;11:00;0,108;;
d0fbcc1108d8;2023/05/19;12:00;0,110;;
d0fbcc1108d8;2023/05/19;13:00;0,093;;
d0fbcc1108d8;2023/05/19;14:00;0,136;;
d0fbcc1108d8;2023/05/19;15:00;0,134;;
d0fbcc1108d8;2023/05/19;16:00;0,110;;
d0fbcc1108d8;2023/05/19;17:00;0,124;;
d0fbcc1108d8;2023/05/19;18:00;0,094;;
d0fbcc1108d8;2023/05/19;19:00;0,103;;
d0fbcc1108d8;2023/05/19;20:00;0,125;;
d0fbcc1108d8;2023/05/19;21:00;0,104;;
d0fbcc1108d8;2023/05/19;22:00;0,105;;
d0fbcc1108d8;2023/05/19;23:00;0,117;;
d0fbcc1108d8;2023/05/19;24:00;0,102;;
d0fbcc1108d8;2023/05/20;01:00;0,096;;
d0fbcc1108d8;2023/05/20;02:00;0,145;;
d0fbcc1108d8;2023/05/20;03:00;0,176;;
d0fbcc1108d8;2023/05/20;04:00;0,175;;
d0fbcc1108d8;2023/05/20;05:00;0,160;;
d0fbcc1108d8;2023/05/20;06:00;0,094;;
d0fbcc1108d8;2023/05/20;07:00;0,114;;
d0fbcc1108d8;2023/05/20;08:00;0,094;;
d0fbcc1108d8;2023/05/20;09:00;0,110;;
d0fbcc1108d8;2023/05/20;10:00;0,090;;
d0fbcc1108d8;2023/05/20;11:00;0,182;;
d0fbcc1108d8;2023/05/20;12:00;0,105;;
d0fbcc1108d8;2023/05/20;13:00;0,107;;
d0fbcc1108d8;2023/05/20;14:00;0,101;;
d0fbcc1108d8;2023/05/20;15:00;0,091;;
d0fbcc1108d8;2023/05/20;16:00;0,116;;
d0fbcc1108d8;2023/05/20;17:00;0,100;;
d0fbcc1108d8;2023/05/20;18:00;0,125;;
d0fbcc1108d8;2023/05/20;19:00;0,125;;
d0fbcc1108d8;2023/05/20;20:00;0,120;;
d0fbcc1108d8;2023/05/20;21:00;0,102;;
d0fbcc1108d8;2023/05/20;22:00;0,106;;
d0fbcc1108d8;2023/05/20;23:00;0,103;;
d0fbcc1108d8;2023/05/20;24:00;0,092;;
d0fbcc1108d8;2023/05/21;01:00;0,127;;
d0fbcc1108d8;2023/05/21;02:00;0,131;;
d0fbcc1108d8;2023/05/21;03:00;0,096;;
d0fbcc1108d8;2023/05/21;04:00;0,113;;
d0fbcc1108d8;2023/05/21;05:00;0,111;;
d0fbcc1108d8;2023/05/21;06:00;0,090;;
d0fbcc1108d8;2023/05/21;07:00;0,152;;
d0fbcc1108d8;2023/05/21;08:00;0,134;;
d0fbcc1108d8;2023/05/21;09:00;0,112;;
d0fbcc1108d8;2023/05/21;10:00;0,109;;
d0fbcc1108d8;2023/05/21;11:00;0,091;;
d0fbcc1108d8;2023/05/21;12:00;0,113;;
d0fbcc1108d8;2023/05/21;13:00;0,091;;
d0fbcc1108d8;2023/05/21;14:00;0,100;;
d0fbcc1108d8;2023/05/21;15:00;0,115;;
d0fbcc1108d8;2023/05/21;16:00;0,172;;
d0fbcc1108d8;2023/05/21;17:00;0,116;;
d0fbcc1108d8;2023/05/21;18:00;0,113;;
d0fbcc1108d8;2023/05/21;19:00;0,108;;
d0fbcc1108d8;2023/05/21;20:00;0,092;;
d0fbcc1108d8;2023/05/21;21:00;0,105;;
d0fbcc1108d8;2023/05/21;22:00;0,110;;
d0fbcc1108d8;2023/05/21;23:00;0,101;;
d0fbcc1108d8;2023/05/21;24:00;0,099;;
d0fbcc1108d8;2023/05/22;01:00;0,111;;
d0fbcc1108d8;2023/05/22;02:00;0,113;;
d0fbcc1108d8;2023/05/22;03:00;0,099;;
d0fbcc1108d8;2023/05/22;04:00;0,160;;
d0fbcc1108d8;2023/05/22;05:00;0,125;;
d0fbcc1108d8;2023/05/22;06:00;0,117;;
d0fbcc1108d8;2023/05/22;07:00;0,099;;
d0fbcc1108d8;2023/05/22;08:00;0,094;;
d0fbcc1108d8;2023/05/22;09:00;0,107;;
d0fbcc1108d8;2023/05/22;10:00;0,120;;
d0fbcc1108d8;2023/05/22;11:00;0,106;;
d0fbcc1108d8;2023/05/22;12:00;0,096;;
d0fbcc1108d8;2023/05/22;13:00;0,108;;
d0fbcc1108d8;2023/05/22;14:00;0,110;;
d0fbcc1108d8;2023/05/22;15:00;0,096;;
d0fbcc1108d8;2023/05/22;16:00;0,103;;
d0fbcc1108d8;2023/05/22;17:00;0,113;;
d0fbcc1108d8;2023/05/22;18:00;0,112;;
d0fbcc1108d8;2023/05/22;19:00;0,113;;
d0fbcc1108d8;2023/05/22;20:00;0,100;;
d0fbcc1108d8;2023/05/22;21:00;0,100;;
d0fbcc1108d8;2023/05/22;22:00;0,105;;
d0fbcc1108d8;2023/05/22;23:00;0,108;;
d0fbcc1108d8;2023/05/22;24:00;0,160;;
d0fbcc1108d8;2023/05/23;01:00;0,130;;
d0fbcc1108d8;2023/05/23;02:00;0,115;;
d0fbcc1108d8;2023/05/23;03:00;0,112;;
d0fbcc1108d8;2023/05/23;04:00;0,105;;
d0fbcc1108d8;2023/05/23;05:00;0,100;;
d0fbcc1108d8;2023/05/23;06:00;0,104;;
d0fbcc1108d8;2023/05/23;07:00;0,112;;
d0fbcc1108d8;2023/05/23;08:00;0,117;;
d0fbcc1108d8;2023/05/23;09:00;0,117;;
d0fbcc1108d8;2023/05/23;10:00;0,100;;
d0fbcc1108d8;2023/05/23;11:00;0,098;;
d0fbcc1108d8;2023/05/23;12:00;0,100;;
d0fbcc1108d8;2023/05/23;13:00;0,115;;
d0fbcc1108d8;2023/05/23;14:00;0,117;;
d0fbcc1108d8;2023/05/23;15:00;0,115;;
d0fbcc1108d8;2023/05/23;16:00;0,105;;
d0fbcc1108d8;2023/05/23;17:00;0,101;;
d0fbcc1108d8;2023/05/23;18:00;0,102;;
d0fbcc1108d8;2023/05/23;19:00;0,113;;
d0fbcc1108d8;2023/05/23;20:00;0,174;;
d0fbcc1108d8;2023/05/23;21:00;0,112;;
d0fbcc1108d8;2023/05/23;22:00;0,113;;
d0fbcc1108d8;2023/05/23;23:00;0,122;;
d0fbcc1108d8;2023/05/23;24:00;0,116;;
d0fbcc1108d8;2023/05/24;01:00;0,103;;
d0fbcc1108d8;2023/05/24;02:00;0,103;;
d0fbcc1108d8;2023/05/24;03:00;0,100;;
d0fbcc1108d8;2023/05/24;04:00;0,117;;
d0fbcc1108d8;2023/05/24;05:00;0,120;;
d0fbcc1108d8;2023/05/24;06:00;0,116;;
d0fbcc1108d8;2023/05/24;07:00;0,101;;
d0fbcc1108d8;2023/05/24;08:00;0,101;;
d0fbcc1108d8;2023/05/24;09:00;0,100;;
d0fbcc1108d8;2023/05/24;10:00;0,136;;
d0fbcc1108d8;2023/05/24;11:00;0,125;;
d0fbcc1108d8;2023/05/24;12:00;0,109;;
d0fbcc1108d8;2023/05/24;13:00;0,094;;
d0fbcc1108d8;2023/05/24;14:00;0,091;;
d0fbcc1108d8;2023/05/24;15:00;0,135;;
d0fbcc1108d8;2023/05/24;16:00;0,139;;
d0fbcc1108d8;2023/05/24;17:00;0,107;;
d0fbcc1108d8;2023/05/24;18:00;0,102;;
d0fbcc1108d8;2023/05/24;19:00;0,108;;
d0fbcc1108d8;2023/05/24;20:00;0,103;;
d0fbcc1108d8;2023/05/24;21:00;0,095;;
d0fbcc1108d8;2023/05/24;22:00;0,095;;
d0fbcc1108d8;2023/05/24;23:00;0,094;;
d0fbcc1108d8;2023/05/24;24:00;0,100;;
d0fbcc1108d8;2023/05/25;01:00;0,107;;
d0fbcc1108d8;2023/05/25;02:00;0,105;;
d0fbcc1108d8;2023/05/25;03:00;0,101;;
d0fbcc1108d8;2023/05/25;04:00;0,101;;
d0fbcc1108d8;2023/05/25;05:00;0,102;;
d0fbcc1108d8;2023/05/25;06:00;0,110;;
d0fbcc1108d8;2023/05/25;07:00;0,104;;
d0fbcc1108d8;2023/05/25;08:00;0,095;;
d0fbcc1108d8;2023/05/25;09:00;0,094;;
d0fbcc1108d8;2023/05/25;10:00;0,135;;
d0fbcc1108d8;2023/05/25;11:00;0,140;;
d0fbcc1108d8;2023/05/25;12:00;0,102;;
d0fbcc1108d8;2023/05/25;13:00;0,097;;
d0fbcc1108d8;2023/05/25;14:00;0,101;;
d0fbcc1108d8;2023/05/25;15:00;0,107;;
d0fbcc1108d8;2023/05/25;16:00;0,111;;
d0fbcc1108d8;2023/05/25;17:00;0,104;;
d0fbcc1108d8;2023/05/25;18:00;0,097;;
d0fbcc1108d8;2023/05/25;19:00;0,102;;
d0fbcc1108d8;2023/05/25;20:00;0,105;;
d0fbcc1108d8;2023/05/25;21:00;0,111;;
d0fbcc1108d8;2023/05/25;22:00;0,106;;
d0fbcc1108d8;2023/05/25;23:00;0,100;;
d0fbcc1108d8;2023/05/25;24:00;0,100;;
d0fbcc1108d8;2023/05/26;01:00;0,100;;
d0fbcc1108d8;2023/05/26;02:00;0,108;;
d0fbcc1108d8;2023/05/26;03:00;0,107;;
d0fbcc1108d8;2023/05/26;04:00;0,097;;
d0fbcc1108d8;2023/05/26;05:00;0,127;;
d0fbcc1108d8;2023/05/26;06:00;0,141;;
d0fbcc1108d8;2023/05/26;07:00;0,111;;
d0fbcc1108d8;2023/05/26;08:00;0,098;;
d0fbcc1108d8;2023/05/26;09:00;0,097;;
d0fbcc1108d8;2023/05/26;10:00;0,099;;
d0fbcc1108d8;2023/05/26;11:00;0,106;;
d0fbcc1108d8;2023/05/26;12:00;0,110;;
d0fbcc1108d8;2023/05/26;13:00;0,100;;
d0fbcc1108d8;2023/05/26;14:00;0,097;;
d0fbcc1108d8;2023/05/26;15:00;0,102;;
d0fbcc1108d8;2023/05/26;16:00;0,108;;
d0fbcc1108d8;2023/05/26;17:00;0,106;;
d0fbcc1108d8;2023/05/26;18:00;0,101;;
d0fbcc1108d8;2023/05/26;19:00;0,096;;
d0fbcc1108d8;2023/05/26;20:00;0,097;;
d0fbcc1108d8;2023/05/26;21:00;0,098;;
d0fbcc1108d8;2023/05/26;22:00;0,107;;
d0fbcc1108d8;2023/05/26;23:00;0,104;;
d0fbcc1108d8;2023/05/26;24:00;0,115;;
d0fbcc1108d8;2023/05/27;01:00;0,143;;
d0fbcc1108d8;2023/05/27;02:00;0,109;;
d0fbcc1108d8;2023/05/27;03:00;0,111;;
d0fbcc1108d8;2023/05/27;04:00;0,102;;
d0fbcc1108d8;2023/05/27;05:00;0,100;;
d0fbcc1108d8;2023/05/27;06:00;0,099;;
d0fbcc1108d8;2023/05/27;07:00;0,103;;
d0fbcc1108d8;2023/05/27;08:00;0,110;;
d0fbcc1108d8;2023/05/27;09:00;0,101;;
d0fbcc1108d8;2023/05/27;10:00;0,098;;
d0fbcc1108d8;2023/05/27;11:00;0,098;;
d0fbcc1108d8;2023/05/27;12:00;0,098;;
d0fbcc1108d8;2023/05/27;13:00;0,104;;
d0fbcc1108d8;2023/05/27;14:00;0,103;;
d0fbcc1108d8;2023/05/27;15:00;0,095;;
d0fbcc1108d8;2023/05/27;16:00;0,096;;
d0fbcc1108d8;2023/05/27;17:00;0,097;;
d0fbcc1108d8;2023/05/27;18:00;0,106;;
d0fbcc1108d8;2023/05/27;19:00;0,105;;
d0fbcc1108d8;2023/05/27;20:00;0,146;;
d0fbcc1108d8;2023/05/27;21:00;0,115;;
d0fbcc1108d8;2023/05/27;22:00;0,109;;
d0fbcc1108d8;2023/05/27;23:00;0,109;;
d0fbcc1108d8;2023/05/27;24:00;0,098;;
d0fbcc1108d8;2023/05/28;01:00;0,101;;
d0fbcc1108d8;2023/05/28;02:00;0,098;;
d0fbcc1108d8;2023/05/28;03:00;0,107;;
d0fbcc1108d8;2023/05/28;04:00;0,106;;
d0fbcc1108d8;2023/05/28;05:00;0,103;;
d0fbcc1108d8;2023/05/28;06:00;0,100;;
d0fbcc1108d8;2023/05/28;07:00;0,098;;
d0fbcc1108d8;2023/05/28;08:00;0,107;;
d0fbcc1108d8;2023/05/28;09:00;0,106;;
d0fbcc1108d8;2023/05/28;10:00;0,105;;
d0fbcc1108d8;2023/05/28;11:00;0,098;;
d0fbcc1108d8;2023/05/28;12:00;0,098;;
d0fbcc1108d8;2023/05/28;13:00;0,189;;
d0fbcc1108d8;2023/05/28;14:00;0,122;;
d0fbcc1108d8;2023/05/28;15:00;0,173;;
d0fbcc1108d8;2023/05/28;16:00;0,122;;
d0fbcc1108d8;2023/05/28;17:00;0,118;;
d0fbcc1108d8;2023/05/28;18:00;0,170;;
d0fbcc1108d8;2023/05/28;19:00;0,178;;
d0fbcc1108d8;2023/05/28;20:00;0,176;;
d0fbcc1108d8;2023/05/28;21:00;0,177;;
d0fbcc1108d8;2023/05/28;22:00;0,248;;
d0fbcc1108d8;2023/05/28;23:00;0,304;;
d0fbcc1108d8;2023/05/28;24:00;0,179;;
d0fbcc1108d8;2023/05/29;01:00;0,170;;
d0fbcc1108d8;2023/05/29;02:00;0,109;;
d0fbcc1108d8;2023/05/29;03:00;0,109;;
d0fbcc1108d8;2023/05/29;04:00;0,108;;
d0fbcc1108d8;2023/05/29;05:00;0,107;;
d0fbcc1108d8;2023/05/29;06:00;0,111;;
d0fbcc1108d8;2023/05/29;07:00;0,112;;
d0fbcc1108d8;2023/05/29;08:00;0,239;;
d0fbcc1108d8;2023/05/29;09:00;0,133;;
d0fbcc1108d8;2023/05/29;10:00;0,208;;
d0fbcc1108d8;2023/05/29;11:00;0,116;;
d0fbcc1108d8;2023/05/29;12:00;0,133;;
d0fbcc1108d8;2023/05/29;13:00;0,115;;
d0fbcc1108d8;2023/05/29;14:00;0,228;;
d0fbcc1108d8;2023/05/29;15:00;0,346;;
d0fbcc1108d8;2023/05/29;16:00;0,710;;
d0fbcc1108d8;2023/05/29;17:00;0,177;;
d0fbcc1108d8;2023/05/29;18:00;0,211;;
d0fbcc1108d8;2023/05/29;19:00;0,121;;
d0fbcc1108d8;2023/05/29;20:00;0,195;;
d0fbcc1108d8;2023/05/29;21:00;0,192;;
d0fbcc1108d8;2023/05/29;22:00;0,189;;
d0fbcc1108d8;2023/05/29;23:00;0,183;;
d0fbcc1108d8;2023/05/29;24:00;0,178;;
d0fbcc1108d8;2023/05/30;01:00;0,234;;
d0fbcc1108d8;2023/05/30;02:00;0,124;;
d0fbcc1108d8;2023/05/30;03:00;0,120;;
d0fbcc1108d8;2023/05/30;04:00;0,119;;
d0fbcc1108d8;2023/05/30;05:00;0,123;;
d0fbcc1108d8;2023/05/30;06:00;0,114;;
d0fbcc1108d8;2023/05/30;07:00;0,112;;
d0fbcc1108d8;2023/05/30;08:00;0,116;;
d0fbcc1108d8;2023/05/30;09:00;0,251;;
d0fbcc1108d8;2023/05/30;10:00;0,171;;
d0fbcc1108d8;2023/05/30;11:00;0,265;;
d0fbcc1108d8;2023/05/30;12:00;0,138;;
d0fbcc1108d8;2023/05/30;13:00;0,112;;
d0fbcc1108d8;2023/05/30;14:00;0,165;;
d0fbcc1108d8;2023/05/30;15:00;0,288;;
d0fbcc1108d8;2023/05/30;16:00;1,168;;
d0fbcc1108d8;2023/05/30;17:00;1,176;;
d0fbcc1108d8;2023/05/30;18:00;0,427;;
d0fbcc1108d8;2023/05/30;19:00;0,290;;
d0fbcc1108d8;2023/05/30;20:00;0,208;;
d0fbcc1108d8;2023/05/30;21:00;0,199;;
d0fbcc1108d8;2023/05/30;22:00;0,385;;
d0fbcc1108d8;2023/05/30;23:00;0,226;;
d0fbcc1108d8;2023/05/30;24:00;0,218;;
d0fbcc1108d8;2023/05/31;01:00;0,166;;
d0fbcc1108d8;2023/05/31;02:00;0,115;;
d0fbcc1108d8;2023/05/31;03:00;0,109;;
d0fbcc1108d8;2023/05/31;04:00;0,122;;
d0fbcc1108d8;2023/05/31;05:00;0,125;;
d0fbcc1108d8;2023/05/31;06:00;0,118;;
d0fbcc1108d8;2023/05/31;07:00;0,115;;
d0fbcc1108d8;2023/05/31;08:00;0,346;;
d0fbcc1108d8;2023/05/31;09:00;0,773;;
d0fbcc1108d8;2023/05/31;10:00;0,949;;
d0fbcc1108d8;2023/05/31;11:00;0,537;;
d0fbcc1108d8;2023/05/31;12:00;0,248;;
d0fbcc1108d8;2023/05/31;13:00;0,144;;
d0fbcc1108d8;2023/05/31;14:00;1,069;;
d0fbcc1108d8;2023/05/31;15:00;1,216;;
d0fbcc1108d8;2023/05/31;16:00;1,203;;
d0fbcc1108d8;2023/05/31;17:00;0,281;;
d0fbcc1108d8;2023/05/31;18:00;0,189;;
d0fbcc1108d8;2023/05/31;19:00;0,193;;
d0fbcc1108d8;2023/05/31;20:00;0,140;;
d0fbcc1108d8;2023/05/31;21:00;0,127;;
d0fbcc1108d8;2023/05/31;22:00;0,177;;
d0fbcc1108d8;2023/05/31;23:00;0,130;;
d0fbcc1108d8;2023/05/31;24:00;0,180;;
d0fbcc1108d8;2023/06/01;01:00;0,170;;
d0fbcc1108d8;2023/06/01;02:00;0,126;;
d0fbcc1108d8;2023/06/01;03:00;0,191;;
d0fbcc1108d8;2023/06/01;04:00;0,143;;
d0fbcc1108d8;2023/06/01;05:00;0,144;;
d0fbcc1108d8;2023/06/01;06:00;0,117;;
d0fbcc1108d8;2023/06/01;07:00;0,128;;
d0fbcc1108d8;2023/06/01;08:00;0,123;;
d0fbcc1108d8;2023/06/01;09:00;0,179;;
d0fbcc1108d8;2023/06/01;10:00;0,180;;
d0fbcc1108d8;2023/06/01;11:00;0,450;;
d0fbcc1108d8;2023/06/01;12:00;0,347;;
d0fbcc1108d8;2023/06/01;13:00;0,306;;
d0fbcc1108d8;2023/06/01;14:00;0,536;;
d0fbcc1108d8;2023/06/01;15:00;0,551;;
d0fbcc1108d8;2023/06/01;16:00;0,178;;
d0fbcc1108d8;2023/06/01;17:00;0,133;;
d0fbcc1108d8;2023/06/01;18:00;0,147;;
d0fbcc1108d8;2023/06/01;19:00;0,181;;
d0fbcc1108d8;2023/06/01;20:00;0,121;;
d0fbcc1108d8;2023/06/01;21:00;0,130;;
d0fbcc1108d8;2023/06/01;22:00;0,182;;
d0fbcc1108d8;2023/06/01;23:00;0,143;;
d0fbcc1108d8;2023/06/01;24:00;0,150;;
d0fbcc1108d8;2023/06/02;01:00;0,160;;
d0fbcc1108d8;2023/06/02;02:00;0,124;;
d0fbcc1108d8;2023/06/02;03:00;0,125;;
d0fbcc1108d8;2023/06/02;04:00;0,112;;
d0fbcc1108d8;2023/06/02;05:00;0,124;;
d0fbcc1108d8;2023/06/02;06:00;0,115;;
d0fbcc1108d8;2023/06/02;07:00;0,127;;
d0fbcc1108d8;2023/06/02;08:00;0,118;;
d0fbcc1108d8;2023/06/02;09:00;0,218;;
d0fbcc1108d8;2023/06/02;10:00;0,225;;
d0fbcc1108d8;2023/06/02;11:00;1,452;;
d0fbcc1108d8;2023/06/02;12:00;1,049;;
d0fbcc1108d8;2023/06/02;13:00;0,132;;
d0fbcc1108d8;2023/06/02;14:00;0,118;;
d0fbcc1108d8;2023/06/02;15:00;0,968;;
d0fbcc1108d8;2023/06/02;16:00;0,599;;
d0fbcc1108d8;2023/06/02;17:00;0,544;;
d0fbcc1108d8;2023/06/02;18:00;1,328;;
d0fbcc1108d8;2023/06/02;19:00;0,539;;
d0fbcc1108d8;2023/06/02;20:00;0,437;;
d0fbcc1108d8;2023/06/02;21:00;0,193;;
d0fbcc1108d8;2023/06/02;22:00;0,465;;
d0fbcc1108d8;2023/06/02;23:00;0,806;;
d0fbcc1108d8;2023/06/02;24:00;0,975;;
d0fbcc1108d8;2023/06/03;01:00;0,792;;
d0fbcc1108d8;2023/06/03;02:00;0,284;;
d0fbcc1108d8;2023/06/03;03:00;0,138;;
d0fbcc1108d8;2023/06/03;04:00;0,135;;
d0fbcc1108d8;2023/06/03;05:00;0,133;;
d0fbcc1108d8;2023/06/03;06:00;0,122;;
d0fbcc1108d8;2023/06/03;07:00;0,116;;
d0fbcc1108d8;2023/06/03;08:00;0,127;;
d0fbcc1108d8;2023/06/03;09:00;0,198;;
d0fbcc1108d8;2023/06/03;10:00;0,646;;
d0fbcc1108d8;2023/06/03;11:00;0,496;;
d0fbcc1108d8;2023/06/03;12:00;0,250;;
d0fbcc1108d8;2023/06/03;13:00;0,203;;
d0fbcc1108d8;2023/06/03;14:00;0,128;;
d0fbcc1108d8;2023/06/03;15:00;0,125;;
d0fbcc1108d8;2023/06/03;16:00;0,107;;
d0fbcc1108d8;2023/06/03;17:00;0,166;;
d0fbcc1108d8;2023/06/03;18:00;0,149;;
d0fbcc1108d8;2023/06/03;19:00;0,258;;
d0fbcc1108d8;2023/06/03;20:00;0,149;;
d0fbcc1108d8;2023/06/03;21:00;0,199;;
d0fbcc1108d8;2023/06/03;22:00;0,221;;
d0fbcc1108d8;2023/06/03;23:00;0,195;;
d0fbcc1108d8;2023/06/03;24:00;0,183;;
d0fbcc1108d8;2023/06/04;01:00;0,166;;
d0fbcc1108d8;2023/06/04;02:00;0,139;;
d0fbcc1108d8;2023/06/04;03:00;0,110;;
d0fbcc1108d8;2023/06/04;04:00;0,120;;
d0fbcc1108d8;2023/06/04;05:00;0,116;;
d0fbcc1108d8;2023/06/04;06:00;0,120;;
d0fbcc1108d8;2023/06/04;07:00;0,106;;
d0fbcc1108d8;2023/06/04;08:00;0,112;;
d0fbcc1108d8;2023/06/04;09:00;0,116;;
d0fbcc1108d8;2023/06/04;10:00;0,198;;
d0fbcc1108d8;2023/06/04;11:00;0,271;;
d0fbcc1108d8;2023/06/04;12:00;0,225;;
d0fbcc1108d8;2023/06/04;13:00;0,127;;
d0fbcc1108d8;2023/06/04;14:00;0,117;;
d0fbcc1108d8;2023/06/04;15:00;0,394;;
d0fbcc1108d8;2023/06/04;16:00;0,215;;
d0fbcc1108d8;2023/06/04;17:00;0,177;;
d0fbcc1108d8;2023/06/04;18:00;0,174;;
d0fbcc1108d8;2023/06/04;19:00;0,169;;
d0fbcc1108d8;2023/06/04;20:00;0,197;;
d0fbcc1108d8;2023/06/04;21:00;0,181;;
d0fbcc1108d8;2023/06/04;22:00;0,185;;
d0fbcc1108d8;2023/06/04;23:00;0,504;;
d0fbcc1108d8;2023/06/04;24:00;0,733;;
d0fbcc1108d8;2023/06/05;01:00;0,141;;
d0fbcc1108d8;2023/06/05;02:00;0,146;;
d0fbcc1108d8;2023/06/05;03:00;0,133;;
d0fbcc1108d8;2023/06/05;04:00;0,168;;
d0fbcc1108d8;2023/06/05;05:00;0,104;;
d0fbcc1108d8;2023/06/05;06:00;0,118;;
d0fbcc1108d8;2023/06/05;07:00;0,183;;
d0fbcc1108d8;2023/06/05;08:00;0,179;;
d0fbcc1108d8;2023/06/05;09:00;0,508;;
d0fbcc1108d8;2023/06/05;10:00;1,021;;
d0fbcc1108d8;2023/06/05;11:00;0,111;;
d0fbcc1108d8;2023/06/05;12:00;0,364;;
d0fbcc1108d8;2023/06/05;13:00;0,126;;
d0fbcc1108d8;2023/06/05;14:00;0,580;;
d0fbcc1108d8;2023/06/05;15:00;0,381;;
d0fbcc1108d8;2023/06/05;16:00;0,453;;
d0fbcc1108d8;2023/06/05;17:00;1,375;;
d0fbcc1108d8;2023/06/05;18:00;0,332;;
d0fbcc1108d8;2023/06/05;19:00;0,237;;
d0fbcc1108d8;2023/06/05;20:00;0,209;;
d0fbcc1108d8;2023/06/05;21:00;0,196;;
d0fbcc1108d8;2023/06/05;22:00;0,188;;
d0fbcc1108d8;2023/06/05;23:00;0,192;;
d0fbcc1108d8;2023/06/05;24:00;0,196;;
d0fbcc1108d8;2023/06/06;01:00;0,397;;
d0fbcc1108d8;2023/06/06;02:00;0,174;;
d0fbcc1108d8;2023/06/06;03:00;0,135;;
d0fbcc1108d8;2023/06/06;04:00;0,135;;
d0fbcc1108d8;2023/06/06;05:00;0,123;;
d0fbcc1108d8;2023/06/06;06:00;0,143;;
d0fbcc1108d8;2023/06/06;07:00;0,130;;
d0fbcc1108d8;2023/06/06;08:00;0,113;;
d0fbcc1108d8;2023/06/06;09:00;0,205;;
d0fbcc1108d8;2023/06/06;10:00;1,251;;
d0fbcc1108d8;2023/06/06;11:00;1,123;;
d0fbcc1108d8;2023/06/06;12:00;0,952;;
d0fbcc1108d8;2023/06/06;13:00;0,471;;
d0fbcc1108d8;2023/06/06;14:00;0,626;;
d0fbcc1108d8;2023/06/06;15:00;0,418;;
d0fbcc1108d8;2023/06/06;16:00;0,391;;
d0fbcc1108d8;2023/06/06;17:00;0,188;;
d0fbcc1108d8;2023/06/06;18:00;0,211;;
d0fbcc1108d8;2023/06/06;19:00;0,267;;
d0fbcc1108d8;2023/06/06;20:00;0,252;;
d0fbcc1108d8;2023/06/06;21:00;0,283;;
d0fbcc1108d8;2023/06/06;22:00;0,298;;
d0fbcc1108d8;2023/06/06;23:00;0,311;;
d0fbcc1108d8;2023/06/06;24:00;0,301;;
d0fbcc1108d8;2023/06/07;01:00;0,287;;
d0fbcc1108d8;2023/06/07;02:00;0,226;;
d0fbcc1108d8;2023/06/07;03:00;0,154;;
d0fbcc1108d8;2023/06/07;04:00;0,171;;
d0fbcc1108d8;2023/06/07;05:00;0,148;;
d0fbcc1108d8;2023/06/07;06:00;0,150;;
d0fbcc1108d8;2023/06/07;07:00;0,152;;
d0fbcc1108d8;2023/06/07;08:00;0,144;;
d0fbcc1108d8;2023/06/07;09:00;0,598;;
d0fbcc1108d8;2023/06/07;10:00;0,404;;
d0fbcc1108d8;2023/06/07;11:00;0,134;;
d0fbcc1108d8;2023/06/07;12:00;0,122;;
d0fbcc1108d8;2023/06/07;13:00;0,753;;
d0fbcc1108d8;2023/06/07;14:00;0,164;;
d0fbcc1108d8;2023/06/07;15:00;0,366;;
d0fbcc1108d8;2023/06/07;16:00;0,251;;
d0fbcc1108d8;2023/06/07;17:00;0,255;;
d0fbcc1108d8;2023/06/07;18:00;0,328;;
d0fbcc1108d8;2023/06/07;19:00;0,252;;
d0fbcc1108d8;2023/06/07;20:00;0,247;;
d0fbcc1108d8;2023/06/07;21:00;0,220;;
d0fbcc1108d8;2023/06/07;22:00;0,207;;
d0fbcc1108d8;2023/06/07;23:00;0,272;;
d0fbcc1108d8;2023/06/07;24:00;0,206;;
d0fbcc1108d8;2023/06/08;01:00;0,208;;
d0fbcc1108d8;2023/06/08;02:00;0,138;;
d0fbcc1108d8;2023/06/08;03:00;0,134;;
d0fbcc1108d8;2023/06/08;04:00;0,137;;
d0fbcc1108d8;2023/06/08;05:00;0,135;;
d0fbcc1108d8;2023/06/08;06:00;0,185;;
d0fbcc1108d8;2023/06/08;07:00;0,140;;
d0fbcc1108d8;2023/06/08;08:00;0,169;;
d0fbcc1108d8;2023/06/08;09:00;0,200;;
d0fbcc1108d8;2023/06/08;10:00;0,180;;
d0fbcc1108d8;2023/06/08;11:00;0,132;;
d0fbcc1108d8;2023/06/08;12:00;0,120;;
d0fbcc1108d8;2023/06/08;13:00;0,128;;
d0fbcc1108d8;2023/06/08;14:00;0,110;;
d0fbcc1108d8;2023/06/08;15:00;0,125;;
d0fbcc1108d8;2023/06/08;16:00;0,108;;
d0fbcc1108d8;2023/06/08;17:00;0,118;;
d0fbcc1108d8;2023/06/08;18:00;0,127;;
d0fbcc1108d8;2023/06/08;19:00;0,121;;
d0fbcc1108d8;2023/06/08;20:00;0,142;;
d0fbcc1108d8;2023/06/08;21:00;0,115;;
d0fbcc1108d8;2023/06/08;22:00;0,120;;
d0fbcc1108d8;2023/06/08;23:00;0,125;;
d0fbcc1108d8;2023/06/08;24:00;0,192;;
d0fbcc1108d8;2023/06/09;01:00;0,149;;
d0fbcc1108d8;2023/06/09;02:00;0,123;;
d0fbcc1108d8;2023/06/09;03:00;0,216;;
d0fbcc1108d8;2023/06/09;04:00;0,172;;
d0fbcc1108d8;2023/06/09;05:00;0,114;;
d0fbcc1108d8;2023/06/09;06:00;0,136;;
d0fbcc1108d8;2023/06/09;07:00;0,120;;
d0fbcc1108d8;2023/06/09;08:00;0,125;;
d0fbcc1108d8;2023/06/09;09:00;0,127;;
d0fbcc1108d8;2023/06/09;10:00;0,109;;
d0fbcc1108d8;2023/06/09;11:00;0,129;;
d0fbcc1108d8;2023/06/09;12:00;0,128;;
d0fbcc1108d8;2023/06/09;13:00;0,109;;
d0fbcc1108d8;2023/06/09;14:00;0,123;;
d0fbcc1108d8;2023/06/09;15:00;0,109;;
d0fbcc1108d8;2023/06/09;16:00;0,139;;
d0fbcc1108d8;2023/06/09;17:00;0,119;;
d0fbcc1108d8;2023/06/09;18:00;0,147;;
d0fbcc1108d8;2023/06/09;19:00;0,166;;
d0fbcc1108d8;2023/06/09;20:00;0,118;;
d0fbcc1108d8;2023/06/09;21:00;0,118;;
d0fbcc1108d8;2023/06/09;22:00;0,114;;
d0fbcc1108d8;2023/06/09;23:00;0,113;;
d0fbcc1108d8;2023/06/09;24:00;0,135;;
d0fbcc1108d8;2023/06/10;01:00;0,157;;
d0fbcc1108d8;2023/06/10;02:00;0,203;;
d0fbcc1108d8;2023/06/10;03:00;0,182;;
d0fbcc1108d8;2023/06/10;04:00;0,122;;
d0fbcc1108d8;2023/06/10;05:00;0,111;;
d0fbcc1108d8;2023/06/10;06:00;0,114;;
d0fbcc1108d8;2023/06/10;07:00;0,116;;
d0fbcc1108d8;2023/06/10;08:00;0,109;;
d0fbcc1108d8;2023/06/10;09:00;0,123;;
d0fbcc1108d8;2023/06/10;10:00;0,108;;
d0fbcc1108d8;2023/06/10;11:00;0,121;;
d0fbcc1108d8;2023/06/10;12:00;0,117;;
d0fbcc1108d8;2023/06/10;13:00;0,172;;
d0fbcc1108d8;2023/06/10;14:00;0,152;;
d0fbcc1108d8;2023/06/10;15:00;0,110;;
d0fbcc1108d8;2023/06/10;16:00;0,124;;
d0fbcc1108d8;2023/06/10;17:00;0,118;;
d0fbcc1108d8;2023/06/10;18:00;0,119;;
d0fbcc1108d8;2023/06/10;19:00;0,131;;
d0fbcc1108d8;2023/06/10;20:00;0,116;;
d0fbcc1108d8;2023/06/10;21:00;0,128;;
d0fbcc1108d8;2023/06/10;22:00;0,107;;
d0fbcc1108d8;2023/06/10;23:00;0,126;;
d0fbcc1108d8;2023/06/10;24:00;0,111;;
d0fbcc1108d8;2023/06/11;01:00;0,120;;
d0fbcc1108d8;2023/06/11;02:00;0,199;;
d0fbcc1108d8;2023/06/11;03:00;0,201;;
d0fbcc1108d8;2023/06/11;04:00;0,187;;
d0fbcc1108d8;2023/06/11;05:00;0,123;;
d0fbcc1108d8;2023/06/11;06:00;0,132;;
d0fbcc1108d8;2023/06/11;07:00;0,115;;
d0fbcc1108d8;2023/06/11;08:00;0,179;;
d0fbcc1108d8;2023/06/11;09:00;0,117;;
d0fbcc1108d8;2023/06/11;10:00;0,130;;
d0fbcc1108d8;2023/06/11;11:00;0,113;;
d0fbcc1108d8;2023/06/11;12:00;0,126;;
d0fbcc1108d8;2023/06/11;13:00;0,124;;
d0fbcc1108d8;2023/06/11;14:00;0,121;;
d0fbcc1108d8;2023/06/11;15:00;0,119;;
d0fbcc1108d8;2023/06/11;16:00;0,115;;
d0fbcc1108d8;2023/06/11;17:00;0,123;;
d0fbcc1108d8;2023/06/11;18:00;0,111;;
d0fbcc1108d8;2023/06/11;19:00;0,136;;
d0fbcc1108d8;2023/06/11;20:00;0,123;;
d0fbcc1108d8;2023/06/11;21:00;0,127;;
d0fbcc1108d8;2023/06/11;22:00;0,114;;
d0fbcc1108d8;2023/06/11;23:00;0,156;;
d0fbcc1108d8;2023/06/11;24:00;0,143;;
d0fbcc1108d8;2023/06/12;01:00;0,125;;
d0fbcc1108d8;2023/06/12;02:00;0,187;;
d0fbcc1108d8;2023/06/12;03:00;0,143;;
d0fbcc1108d8;2023/06/12;04:00;0,132;;
d0fbcc1108d8;2023/06/12;05:00;0,112;;
d0fbcc1108d8;2023/06/12;06:00;0,130;;
d0fbcc1108d8;2023/06/12;07:00;0,115;;
d0fbcc1108d8;2023/06/12;08:00;0,123;;
d0fbcc1108d8;2023/06/12;09:00;0,132;;
d0fbcc1108d8;2023/06/12;10:00;0,115;;
d0fbcc1108d8;2023/06/12;11:00;0,128;;
d0fbcc1108d8;2023/06/12;12:00;0,110;;
d0fbcc1108d8;2023/06/12;13:00;0,128;;
d0fbcc1108d8;2023/06/12;14:00;0,153;;
d0fbcc1108d8;2023/06/12;15:00;0,132;;
d0fbcc1108d8;2023/06/12;16:00;0,122;;
d0fbcc1108d8;2023/06/12;17:00;0,119;;
d0fbcc1108d8;2023/06/12;18:00;0,127;;
d0fbcc1108d8;2023/06/12;19:00;0,128;;
d0fbcc1108d8;2023/06/12;20:00;0,176;;
d0fbcc1108d8;2023/06/12;21:00;0,143;;
d0fbcc1108d8;2023/06/12;22:00;0,141;;
d0fbcc1108d8;2023/06/12;23:00;0,118;;
d0fbcc1108d8;2023/06/12;24:00;0,141;;
d0fbcc1108d8;2023/06/13;01:00;0,130;;
d0fbcc1108d8;2023/06/13;02:00;0,154;;
d0fbcc1108d8;2023/06/13;03:00;0,168;;
d0fbcc1108d8;2023/06/13;04:00;0,186;;
d0fbcc1108d8;2023/06/13;05:00;0,126;;
d0fbcc1108d8;2023/06/13;06:00;0,126;;
d0fbcc1108d8;2023/06/13;07:00;0,137;;
d0fbcc1108d8;2023/06/13;08:00;0,125;;
d0fbcc1108d8;2023/06/13;09:00;0,120;;
d0fbcc1108d8;2023/06/13;10:00;0,112;;
d0fbcc1108d8;2023/06/13;11:00;0,134;;
d0fbcc1108d8;2023/06/13;12:00;0,117;;
d0fbcc1108d8;2023/06/13;13:00;0,171;;
d0fbcc1108d8;2023/06/13;14:00;0,134;;
d0fbcc1108d8;2023/06/13;15:00;0,175;;
d0fbcc1108d8;2023/06/13;16:00;0,147;;
d0fbcc1108d8;2023/06/13;17:00;0,127;;
d0fbcc1108d8;2023/06/13;18:00;0,117;;
d0fbcc1108d8;2023/06/13;19:00;0,134;;
d0fbcc1108d8;2023/06/13;20:00;0,507;;
d0fbcc1108d8;2023/06/13;21:00;0,164;;
d0fbcc1108d8;2023/06/13;22:00;0,205;;
d0fbcc1108d8;2023/06/13;23:00;0,379;;
d0fbcc1108d8;2023/06/13;24:00;0,193;;
d0fbcc1108d8;2023/06/14;01:00;0,127;;
d0fbcc1108d8;2023/06/14;02:00;0,134;;
d0fbcc1108d8;2023/06/14;03:00;0,125;;
d0fbcc1108d8;2023/06/14;04:00;0,147;;
d0fbcc1108d8;2023/06/14;05:00;0,133;;
d0fbcc1108d8;2023/06/14;06:00;0,145;;
d0fbcc1108d8;2023/06/14;07:00;0,174;;
d0fbcc1108d8;2023/06/14;08:00;0,158;;
d0fbcc1108d8;2023/06/14;09:00;0,132;;
d0fbcc1108d8;2023/06/14;10:00;0,161;;
d0fbcc1108d8;2023/06/14;11:00;0,128;;
d0fbcc1108d8;2023/06/14;12:00;0,106;;
d0fbcc1108d8;2023/06/14;13:00;0,126;;
d0fbcc1108d8;2023/06/14;14:00;0,108;;
d0fbcc1108d8;2023/06/14;15:00;0,220;;
d0fbcc1108d8;2023/06/14;16:00;0,118;;
d0fbcc1108d8;2023/06/14;17:00;0,122;;
d0fbcc1108d8;2023/06/14;18:00;0,133;;
d0fbcc1108d8;2023/06/14;19:00;0,119;;
d0fbcc1108d8;2023/06/14;20:00;0,127;;
d0fbcc1108d8;2023/06/14;21:00;0,120;;
d0fbcc1108d8;2023/06/14;22:00;0,131;;
d0fbcc1108d8;2023/06/14;23:00;0,111;;
d0fbcc1108d8;2023/06/14;24:00;0,197;;
d0fbcc1108d8;2023/06/15;01:00;0,176;;
d0fbcc1108d8;2023/06/15;02:00;0,186;;
d0fbcc1108d8;2023/06/15;03:00;0,132;;
d0fbcc1108d8;2023/06/15;04:00;0,131;;
d0fbcc1108d8;2023/06/15;05:00;0,135;;
d0fbcc1108d8;2023/06/15;06:00;0,127;;
d0fbcc1108d8;2023/06/15;07:00;0,130;;
d0fbcc1108d8;2023/06/15;08:00;0,110;;
d0fbcc1108d8;2023/06/15;09:00;0,129;;
d0fbcc1108d8;2023/06/15;10:00;0,121;;
d0fbcc1108d8;2023/06/15;11:00;0,121;;
d0fbcc1108d8;2023/06/15;12:00;0,116;;
d0fbcc1108d8;2023/06/15;13:00;0,116;;
d0fbcc1108d8;2023/06/15;14:00;0,180;;
d0fbcc1108d8;2023/06/15;15:00;0,121;;
d0fbcc1108d8;2023/06/15;16:00;0,127;;
d0fbcc1108d8;2023/06/15;17:00;0,121;;
d0fbcc1108d8;2023/06/15;18:00;0,132;;
d0fbcc1108d8;2023/06/15;19:00;0,155;;
d0fbcc1108d8;2023/06/15;20:00;0,177;;
d0fbcc1108d8;2023/06/15;21:00;0,119;;
d0fbcc1108d8;2023/06/15;22:00;0,133;;
d0fbcc1108d8;2023/06/15;23:00;0,113;;
d0fbcc1108d8;2023/06/15;24:00;0,192;;
d0fbcc1108d8;2023/06/16;01:00;0,194;;
d0fbcc1108d8;2023/06/16;02:00;0,211;;
d0fbcc1108d8;2023/06/16;03:00;0,161;;
d0fbcc1108d8;2023/06/16;04:00;0,128;;
d0fbcc1108d8;2023/06/16;05:00;0,129;;
d0fbcc1108d8;2023/06/16;06:00;0,122;;
d0fbcc1108d8;2023/06/16;07:00;0,134;;
d0fbcc1108d8;2023/06/16;08:00;0,116;;
d0fbcc1108d8;2023/06/16;09:00;0,130;;
d0fbcc1108d8;2023/06/16;10:00;0,133;;
d0fbcc1108d8;2023/06/16;11:00;0,164;;
d0fbcc1108d8;2023/06/16;12:00;0,191;;
d0fbcc1108d8;2023/06/16;13:00;0,253;;
d0fbcc1108d8;2023/06/16;14:00;0,147;;
d0fbcc1108d8;2023/06/16;15:00;0,119;;
d0fbcc1108d8;2023/06/16;16:00;0,149;;
d0fbcc1108d8;2023/06/16;17:00;0,140;;
d0fbcc1108d8;2023/06/16;18:00;0,136;;
d0fbcc1108d8;2023/06/16;19:00;0,154;;
d0fbcc1108d8;2023/06/16;20:00;0,120;;
d0fbcc1108d8;2023/06/16;21:00;0,134;;
d0fbcc1108d8;2023/06/16;22:00;0,132;;
d0fbcc1108d8;2023/06/16;23:00;0,132;;
d0fbcc1108d8;2023/06/16;24:00;0,151;;
d0fbcc1108d8;2023/06/17;01:00;0,150;;
d0fbcc1108d8;2023/06/17;02:00;0,144;;
d0fbcc1108d8;2023/06/17;03:00;0,153;;
d0fbcc1108d8;2023/06/17;04:00;0,174;;
d0fbcc1108d8;2023/06/17;05:00;0,166;;
d0fbcc1108d8;2023/06/17;06:00;0,147;;
d0fbcc1108d8;2023/06/17;07:00;0,128;;
d0fbcc1108d8;2023/06/17;08:00;0,127;;
d0fbcc1108d8;2023/06/17;09:00;0,141;;
d0fbcc1108d8;2023/06/17;10:00;0,134;;
d0fbcc1108d8;2023/06/17;11:00;0,122;;
d0fbcc1108d8;2023/06/17;12:00;0,143;;
d0fbcc1108d8;2023/06/17;13:00;0,133;;
d0fbcc1108d8;2023/06/17;14:00;0,125;;
d0fbcc1108d8;2023/06/17;15:00;0,135;;
d0fbcc1108d8;2023/06/17;16:00;0,142;;
d0fbcc1108d8;2023/06/17;17:00;0,142;;
d0fbcc1108d8;2023/06/17;18:00;0,132;;
d0fbcc1108d8;2023/06/17;19:00;0,132;;
d0fbcc1108d8;2023/06/17;20:00;0,188;;
d0fbcc1108d8;2023/06/17;21:00;0,197;;
d0fbcc1108d8;2023/06/17;22:00;0,139;;
d0fbcc1108d8;2023/06/17;23:00;0,143;;
d0fbcc1108d8;2023/06/17;24:00;0,137;;
d0fbcc1108d8;2023/06/18;01:00;0,150;;
d0fbcc1108d8;2023/06/18;02:00;0,203;;
d0fbcc1108d8;2023/06/18;03:00;0,152;;
d0fbcc1108d8;2023/06/18;04:00;0,173;;
d0fbcc1108d8;2023/06/18;05:00;0,139;;
d0fbcc1108d8;2023/06/18;06:00;0,128;;
d0fbcc1108d8;2023/06/18;07:00;0,142;;
d0fbcc1108d8;2023/06/18;08:00;0,144;;
d0fbcc1108d8;2023/06/18;09:00;0,143;;
d0fbcc1108d8;2023/06/18;10:00;0,126;;
d0fbcc1108d8;2023/06/18;11:00;0,125;;
d0fbcc1108d8;2023/06/18;12:00;0,232;;
d0fbcc1108d8;2023/06/18;13:00;0,607;;
d0fbcc1108d8;2023/06/18;14:00;0,690;;
d0fbcc1108d8;2023/06/18;15:00;0,141;;
d0fbcc1108d8;2023/06/18;16:00;0,140;;
d0fbcc1108d8;2023/06/18;17:00;0,158;;
d0fbcc1108d8;2023/06/18;18:00;0,163;;
d0fbcc1108d8;2023/06/18;19:00;0,168;;
d0fbcc1108d8;2023/06/18;20:00;0,136;;
d0fbcc1108d8;2023/06/18;21:00;0,129;;
d0fbcc1108d8;2023/06/18;22:00;0,134;;
d0fbcc1108d8;2023/06/18;23:00;0,136;;
d0fbcc1108d8;2023/06/18;24:00;0,137;;
d0fbcc1108d8;2023/06/19;01:00;0,131;;
d0fbcc1108d8;2023/06/19;02:00;0,133;;
d0fbcc1108d8;2023/06/19;03:00;0,177;;
d0fbcc1108d8;2023/06/19;04:00;0,179;;
d0fbcc1108d8;2023/06/19;05:00;0,126;;
d0fbcc1108d8;2023/06/19;06:00;0,136;;
d0fbcc1108d8;2023/06/19;07:00;0,136;;
d0fbcc1108d8;2023/06/19;08:00;0,123;;
d0fbcc1108d8;2023/06/19;09:00;0,140;;
d0fbcc1108d8;2023/06/19;10:00;0,129;;
d0fbcc1108d8;2023/06/19;11:00;0,125;;
d0fbcc1108d8;2023/06/19;12:00;0,138;;
d0fbcc1108d8;2023/06/19;13:00;0,119;;
d0fbcc1108d8;2023/06/19;14:00;0,135;;
d0fbcc1108d8;2023/06/19;15:00;0,127;;
d0fbcc1108d8;2023/06/19;16:00;0,124;;
d0fbcc1108d8;2023/06/19;17:00;0,135;;
d0fbcc1108d8;2023/06/19;18:00;0,127;;
d0fbcc1108d8;2023/06/19;19:00;0,127;;
d0fbcc1108d8;2023/06/19;20:00;0,188;;
d0fbcc1108d8;2023/06/19;21:00;0,152;;
d0fbcc1108d8;2023/06/19;22:00;0,135;;
d0fbcc1108d8;2023/06/19;23:00;0,145;;
d0fbcc1108d8;2023/06/19;24:00;0,131;;
d0fbcc1108d8;2023/06/20;01:00;0,126;;
d0fbcc1108d8;2023/06/20;02:00;0,136;;
d0fbcc1108d8;2023/06/20;03:00;0,126;;
d0fbcc1108d8;2023/06/20;04:00;0,131;;
d0fbcc1108d8;2023/06/20;05:00;0,139;;
d0fbcc1108d8;2023/06/20;06:00;0,120;;
d0fbcc1108d8;2023/06/20;07:00;0,136;;
d0fbcc1108d8;2023/06/20;08:00;0,129;;
d0fbcc1108d8;2023/06/20;09:00;0,125;;
d0fbcc1108d8;2023/06/20;10:00;0,137;;
d0fbcc1108d8;2023/06/20;11:00;0,119;;
d0fbcc1108d8;2023/06/20;12:00;0,133;;
d0fbcc1108d8;2023/06/20;13:00;0,179;;
d0fbcc1108d8;2023/06/20;14:00;0,137;;
d0fbcc1108d8;2023/06/20;15:00;0,142;;
d0fbcc1108d8;2023/06/20;16:00;0,128;;
d0fbcc1108d8;2023/06/20;17:00;0,123;;
d0fbcc1108d8;2023/06/20;18:00;0,135;;
d0fbcc1108d8;2023/06/20;19:00;0,132;;
d0fbcc1108d8;2023/06/20;20:00;0,128;;
d0fbcc1108d8;2023/06/20;21:00;0,139;;
d0fbcc1108d8;2023/06/20;22:00;0,132;;
d0fbcc1108d8;2023/06/20;23:00;0,126;;
d0fbcc1108d8;2023/06/20;24:00;0,138;;
d0fbcc1108d8;2023/06/21;01:00;0,126;;
d0fbcc1108d8;2023/06/21;02:00;0,125;;
d0fbcc1108d8;2023/06/21;03:00;0,135;;
d0fbcc1108d8;2023/06/21;04:00;0,120;;
d0fbcc1108d8;2023/06/21;05:00;0,131;;
d0fbcc1108d8;2023/06/21;06:00;0,204;;
d0fbcc1108d8;2023/06/21;07:00;0,122;;
d0fbcc1108d8;2023/06/21;08:00;0,135;;
d0fbcc1108d8;2023/06/21;09:00;0,123;;
d0fbcc1108d8;2023/06/21;10:00;0,131;;
d0fbcc1108d8;2023/06/21;11:00;0,129;;
d0fbcc1108d8;2023/06/21;12:00;0,122;;
d0fbcc1108d8;2023/06/21;13:00;0,134;;
d0fbcc1108d8;2023/06/21;14:00;0,122;;
d0fbcc1108d8;2023/06/21;15:00;0,129;;
d0fbcc1108d8;2023/06/21;16:00;0,135;;
d0fbcc1108d8;2023/06/21;17:00;0,118;;
d0fbcc1108d8;2023/06/21;18:00;0,131;;
d0fbcc1108d8;2023/06/21;19:00;0,132;;
d0fbcc1108d8;2023/06/21;20:00;0,115;;
d0fbcc1108d8;2023/06/21;21:00;0,131;;
d0fbcc1108d8;2023/06/21;22:00;0,129;;
d0fbcc1108d8;2023/06/21;23:00;0,170;;
d0fbcc1108d8;2023/06/21;24:00;0,153;;
d0fbcc1108d8;2023/06/22;01:00;0,119;;
d0fbcc1108d8;2023/06/22;02:00;0,122;;
d0fbcc1108d8;2023/06/22;03:00;0,131;;
d0fbcc1108d8;2023/06/22;04:00;0,115;;
d0fbcc1108d8;2023/06/22;05:00;0,126;;
d0fbcc1108d8;2023/06/22;06:00;0,122;;
d0fbcc1108d8;2023/06/22;07:00;0,113;;
d0fbcc1108d8;2023/06/22;08:00;0,128;;
d0fbcc1108d8;2023/06/22;09:00;0,116;;
d0fbcc1108d8;2023/06/22;10:00;0,118;;
d0fbcc1108d8;2023/06/22;11:00;0,123;;
d0fbcc1108d8;2023/06/22;12:00;0,110;;
d0fbcc1108d8;2023/06/22;13:00;0,127;;
d0fbcc1108d8;2023/06/22;14:00;0,112;;
d0fbcc1108d8;2023/06/22;15:00;0,124;;
d0fbcc1108d8;2023/06/22;16:00;0,122;;
d0fbcc1108d8;2023/06/22;17:00;0,116;;
d0fbcc1108d8;2023/06/22;18:00;0,206;;
d0fbcc1108d8;2023/06/22;19:00;0,121;;
d0fbcc1108d8;2023/06/22;20:00;0,126;;
d0fbcc1108d8;2023/06/22;21:00;0,130;;
d0fbcc1108d8;2023/06/22;22:00;0,117;;
d0fbcc1108d8;2023/06/22;23:00;0,125;;
d0fbcc1108d8;2023/06/22;24:00;0,128;;
d0fbcc1108d8;2023/06/23;01:00;0,114;;
d0fbcc1108d8;2023/06/23;02:00;0,130;;
d0fbcc1108d8;2023/06/23;03:00;0,122;;
d0fbcc1108d8;2023/06/23;04:00;0,121;;
d0fbcc1108d8;2023/06/23;05:00;0,130;;
d0fbcc1108d8;2023/06/23;06:00;0,116;;
d0fbcc1108d8;2023/06/23;07:00;0,123;;
d0fbcc1108d8;2023/06/23;08:00;0,127;;
d0fbcc1108d8;2023/06/23;09:00;0,110;;
d0fbcc1108d8;2023/06/23;10:00;0,129;;
d0fbcc1108d8;2023/06/23;11:00;0,123;;
d0fbcc1108d8;2023/06/23;12:00;0,168;;
d0fbcc1108d8;2023/06/23;13:00;0,155;;
d0fbcc1108d8;2023/06/23;14:00;0,126;;
d0fbcc1108d8;2023/06/23;15:00;0,118;;
d0fbcc1108d8;2023/06/23;16:00;0,133;;
d0fbcc1108d8;2023/06/23;17:00;0,124;;
d0fbcc1108d8;2023/06/23;18:00;0,122;;
d0fbcc1108d8;2023/06/23;19:00;0,134;;
d0fbcc1108d8;2023/06/23;20:00;0,133;;
d0fbcc1108d8;2023/06/23;21:00;0,123;;
d0fbcc1108d8;2023/06/23;22:00;0,128;;
d0fbcc1108d8;2023/06/23;23:00;0,135;;
d0fbcc1108d8;2023/06/23;24:00;0,133;;
d0fbcc1108d8;2023/06/24;01:00;0,124;;
d0fbcc1108d8;2023/06/24;02:00;0,131;;
d0fbcc1108d8;2023/06/24;03:00;0,136;;
d0fbcc1108d8;2023/06/24;04:00;0,135;;
d0fbcc1108d8;2023/06/24;05:00;0,162;;
d0fbcc1108d8;2023/06/24;06:00;0,156;;
d0fbcc1108d8;2023/06/24;07:00;0,143;;
d0fbcc1108d8;2023/06/24;08:00;0,129;;
d0fbcc1108d8;2023/06/24;09:00;0,123;;
d0fbcc1108d8;2023/06/24;10:00;0,136;;
d0fbcc1108d8;2023/06/24;11:00;0,128;;
d0fbcc1108d8;2023/06/24;12:00;0,121;;
d0fbcc1108d8;2023/06/24;13:00;0,129;;
d0fbcc1108d8;2023/06/24;14:00;0,133;;
d0fbcc1108d8;2023/06/24;15:00;0,134;;
d0fbcc1108d8;2023/06/24;16:00;0,126;;
d0fbcc1108d8;2023/06/24;17:00;0,128;;
d0fbcc1108d8;2023/06/24;18:00;0,135;;
d0fbcc1108d8;2023/06/24;19:00;0,141;;
d0fbcc1108d8;2023/06/24;20:00;0,139;;
d0fbcc1108d8;2023/06/24;21:00;0,141;;
d0fbcc1108d8;2023/06/24;22:00;0,207;;
d0fbcc1108d8;2023/06/24;23:00;0,139;;
d0fbcc1108d8;2023/06/24;24:00;0,150;;
d0fbcc1108d8;2023/06/25;01:00;0,138;;
d0fbcc1108d8;2023/06/25;02:00;0,135;;
d0fbcc1108d8;2023/06/25;03:00;0,131;;
d0fbcc1108d8;2023/06/25;04:00;0,136;;
d0fbcc1108d8;2023/06/25;05:00;0,137;;
d0fbcc1108d8;2023/06/25;06:00;0,136;;
d0fbcc1108d8;2023/06/25;07:00;0,139;;
d0fbcc1108d8;2023/06/25;08:00;0,135;;
d0fbcc1108d8;2023/06/25;09:00;0,133;;
d0fbcc1108d8;2023/06/25;10:00;0,135;;
d0fbcc1108d8;2023/06/25;11:00;0,133;;
d0fbcc1108d8;2023/06/25;12:00;0,136;;
d0fbcc1108d8;2023/06/25;13:00;0,158;;
d0fbcc1108d8;2023/06/25;14:00;0,191;;
d0fbcc1108d8;2023/06/25;15:00;0,142;;
d0fbcc1108d8;2023/06/25;16:00;0,145;;
d0fbcc1108d8;2023/06/25;17:00;0,152;;
d0fbcc1108d8;2023/06/25;18:00;0,140;;
d0fbcc1108d8;2023/06/25;19:00;0,142;;
d0fbcc1108d8;2023/06/25;20:00;0,151;;
d0fbcc1108d8;2023/06/25;21:00;0,137;;
d0fbcc1108d8;2023/06/25;22:00;0,136;;
d0fbcc1108d8;2023/06/25;23:00;0,150;;
d0fbcc1108d8;2023/06/25;24:00;0,150;;
d0fbcc1108d8;2023/06/26;01:00;0,142;;
d0fbcc1108d8;2023/06/26;02:00;0,145;;
d0fbcc1108d8;2023/06/26;03:00;0,151;;
d0fbcc1108d8;2023/06/26;04:00;0,167;;
d0fbcc1108d8;2023/06/26;05:00;0,186;;
d0fbcc1108d8;2023/06/26;06:00;0,149;;
d0fbcc1108d8;2023/06/26;07:00;0,145;;
d0fbcc1108d8;2023/06/26;08:00;0,134;;
d0fbcc1108d8;2023/06/26;09:00;0,139;;
d0fbcc1108d8;2023/06/26;10:00;0,143;;
d0fbcc1108d8;2023/06/26;11:00;0,143;;
d0fbcc1108d8;2023/06/26;12:00;0,138;;
d0fbcc1108d8;2023/06/26;13:00;0,134;;
d0fbcc1108d8;2023/06/26;14:00;0,139;;
d0fbcc1108d8;2023/06/26;15:00;0,148;;
d0fbcc1108d8;2023/06/26;16:00;0,147;;
d0fbcc1108d8;2023/06/26;17:00;0,146;;
d0fbcc1108d8;2023/06/26;18:00;0,151;;
d0fbcc1108d8;2023/06/26;19:00;0,166;;
d0fbcc1108d8;2023/06/26;20:00;0,192;;
d0fbcc1108d8;2023/06/26;21:00;0,155;;
d0fbcc1108d8;2023/06/26;22:00;0,165;;
d0fbcc1108d8;2023/06/26;23:00;0,145;;
d0fbcc1108d8;2023/06/26;24:00;0,145;;
d0fbcc1108d8;2023/06/27;01:00;0,152;;
d0fbcc1108d8;2023/06/27;02:00;0,137;;
d0fbcc1108d8;2023/06/27;03:00;0,158;;
d0fbcc1108d8;2023/06/27;04:00;0,155;;
d0fbcc1108d8;2023/06/27;05:00;0,140;;
d0fbcc1108d8;2023/06/27;06:00;0,146;;
d0fbcc1108d8;2023/06/27;07:00;0,147;;
d0fbcc1108d8;2023/06/27;08:00;0,135;;
d0fbcc1108d8;2023/06/27;09:00;0,137;;
d0fbcc1108d8;2023/06/27;10:00;0,211;;
d0fbcc1108d8;2023/06/27;11:00;0,163;;
d0fbcc1108d8;2023/06/27;12:00;0,146;;
d0fbcc1108d8;2023/06/27;13:00;0,155;;
d0fbcc1108d8;2023/06/27;14:00;0,141;;
d0fbcc1108d8;2023/06/27;15:00;0,140;;
d0fbcc1108d8;2023/06/27;16:00;0,155;;
d0fbcc1108d8;2023/06/27;17:00;0,151;;
d0fbcc1108d8;2023/06/27;18:00;0,153;;
d0fbcc1108d8;2023/06/27;19:00;0,147;;
d0fbcc1108d8;2023/06/27;20:00;0,137;;
d0fbcc1108d8;2023/06/27;21:00;0,162;;
d0fbcc1108d8;2023/06/27;22:00;0,151;;
d0fbcc1108d8;2023/06/27;23:00;0,148;;
d0fbcc1108d8;2023/06/27;24:00;0,174;;
d0fbcc1108d8;2023/06/28;01:00;0,183;;
d0fbcc1108d8;2023/06/28;02:00;0,172;;
d0fbcc1108d8;2023/06/28;03:00;0,145;;
d0fbcc1108d8;2023/06/28;04:00;0,152;;
d0fbcc1108d8;2023/06/28;05:00;0,136;;
d0fbcc1108d8;2023/06/28;06:00;0,151;;
d0fbcc1108d8;2023/06/28;07:00;0,153;;
d0fbcc1108d8;2023/06/28;08:00;0,145;;
d0fbcc1108d8;2023/06/28;09:00;0,145;;
d0fbcc1108d8;2023/06/28;10:00;0,146;;
d0fbcc1108d8;2023/06/28;11:00;0,136;;
d0fbcc1108d8;2023/06/28;12:00;0,137;;
d0fbcc1108d8;2023/06/28;13:00;0,158;;
d0fbcc1108d8;2023/06/28;14:00;0,154;;
d0fbcc1108d8;2023/06/28;15:00;0,207;;
d0fbcc1108d8;2023/06/28;16:00;0,156;;
d0fbcc1108d8;2023/06/28;17:00;0,142;;
d0fbcc1108d8;2023/06/28;18:00;0,168;;
d0fbcc1108d8;2023/06/28;19:00;0,142;;
d0fbcc1108d8;2023/06/28;20:00;0,155;;
d0fbcc1108d8;2023/06/28;21:00;0,138;;
d0fbcc1108d8;2023/06/28;22:00;0,167;;
d0fbcc1108d8;2023/06/28;23:00;0,147;;
d0fbcc1108d8;2023/06/28;24:00;0,144;;
d0fbcc1108d8;2023/06/29;01:00;0,150;;
d0fbcc1108d8;2023/06/29;02:00;0,149;;
d0fbcc1108d8;2023/06/29;03:00;0,161;;
d0fbcc1108d8;2023/06/29;04:00;0,145;;
d0fbcc1108d8;2023/06/29;05:00;0,208;;
d0fbcc1108d8;2023/06/29;06:00;0,157;;
d0fbcc1108d8;2023/06/29;07:00;0,141;;
d0fbcc1108d8;2023/06/29;08:00;0,160;;
d0fbcc1108d8;2023/06/29;09:00;0,146;;
d0fbcc1108d8;2023/06/29;10:00;0,138;;
d0fbcc1108d8;2023/06/29;11:00;0,147;;
d0fbcc1108d8;2023/06/29;12:00;0,147;;
d0fbcc1108d8;2023/06/29;13:00;0,136;;
d0fbcc1108d8;2023/06/29;14:00;0,151;;
d0fbcc1108d8;2023/06/29;15:00;0,163;;
d0fbcc1108d8;2023/06/29;16:00;0,139;;
d0fbcc1108d8;2023/06/29;17:00;0,150;;
d0fbcc1108d8;2023/06/29;18:00;0,142;;
d0fbcc1108d8;2023/06/29;19:00;0,176;;
d0fbcc1108d8;2023/06/29;20:00;0,212;;
d0fbcc1108d8;2023/06/29;21:00;0,144;;
d0fbcc1108d8;2023/06/29;22:00;0,151;;
d0fbcc1108d8;2023/06/29;23:00;0,150;;
d0fbcc1108d8;2023/06/29;24:00;0,160;;
d0fbcc1108d8;2023/06/30;01:00;0,140;;
d0fbcc1108d8;2023/06/30;02:00;0,142;;
d0fbcc1108d8;2023/06/30;03:00;0,146;;
d0fbcc1108d8;2023/06/30;04:00;0,140;;
d0fbcc1108d8;2023/06/30;05:00;0,134;;
d0fbcc1108d8;2023/06/30;06:00;0,131;;
d0fbcc1108d8;2023/06/30;07:00;0,126;;
d0fbcc1108d8;2023/06/30;08:00;0,127;;
d0fbcc1108d8;2023/06/30;09:00;0,133;;
d0fbcc1108d8;2023/06/30;10:00;0,136;;
d0fbcc1108d8;2023/06/30;11:00;0,201;;
d0fbcc1108d8;2023/06/30;12:00;0,131;;
d0fbcc1108d8;2023/06/30;13:00;0,132;;
d0fbcc1108d8;2023/06/30;14:00;0,132;;
d0fbcc1108d8;2023/06/30;15:00;0,138;;
d0fbcc1108d8;2023/06/30;16:00;0,135;;
d0fbcc1108d8;2023/06/30;17:00;0,132;;
d0fbcc1108d8;2023/06/30;18:00;0,131;;
d0fbcc1108d8;2023/06/30;19:00;0,129;;
d0fbcc1108d8;2023/06/30;20:00;0,127;;
d0fbcc1108d8;2023/06/30;21:00;0,132;;
d0fbcc1108d8;2023/06/30;22:00;0,131;;
d0fbcc1108d8;2023/06/30;23:00;0,138;;
d0fbcc1108d8;2023/06/30;24:00;0,138;;
d0fbcc1108d8;2023/07/01;01:00;0,137;;
d0fbcc1108d8;2023/07/01;02:00;0,135;;
d0fbcc1108d8;2023/07/01;03:00;0,127;;
d0fbcc1108d8;2023/07/01;04:00;0,193;;
d0fbcc1108d8;2023/07/01;05:00;0,134;;
d0fbcc1108d8;2023/07/01;06:00;0,133;;
d0fbcc1108d8;2023/07/01;07:00;0,132;;
d0fbcc1108d8;2023/07/01;08:00;0,125;;
d0fbcc1108d8;2023/07/01;09:00;0,123;;
d0fbcc1108d8;2023/07/01;10:00;0,131;;
d0fbcc1108d8;2023/07/01;11:00;0,133;;
d0fbcc1108d8;2023/07/01;12:00;0,129;;
d0fbcc1108d8;2023/07/01;13:00;0,122;;
d0fbcc1108d8;2023/07/01;14:00;0,125;;
d0fbcc1108d8;2023/07/01;15:00;0,133;;
d0fbcc1108d8;2023/07/01;16:00;0,135;;
d0fbcc1108d8;2023/07/01;17:00;0,133;;
d0fbcc1108d8;2023/07/01;18:00;0,130;;
d0fbcc1108d8;2023/07/01;19:00;0,127;;
d0fbcc1108d8;2023/07/01;20:00;0,127;;
d0fbcc1108d8;2023/07/01;21:00;0,183;;
d0fbcc1108d8;2023/07/01;22:00;0,155;;
d0fbcc1108d8;2023/07/01;23:00;0,137;;
d0fbcc1108d8;2023/07/01;24:00;0,142;;
d0fbcc1108d8;2023/07/02;01:00;0,140;;
d0fbcc1108d8;2023/07/02;02:00;0,139;;
d0fbcc1108d8;2023/07/02;03:00;0,134;;
d0fbcc1108d8;2023/07/02;04:00;0,131;;
d0fbcc1108d8;2023/07/02;05:00;0,127;;
d0fbcc1108d8;2023/07/02;06:00;0,125;;
d0fbcc1108d8;2023/07/02;07:00;0,130;;
d0fbcc1108d8;2023/07/02;08:00;0,134;;
d0fbcc1108d8;2023/07/02;09:00;0,134;;
d0fbcc1108d8;2023/07/02;10:00;0,132;;
d0fbcc1108d8;2023/07/02;11:00;0,128;;
d0fbcc1108d8;2023/07/02;12:00;0,127;;
d0fbcc1108d8;2023/07/02;13:00;0,134;;
d0fbcc1108d8;2023/07/02;14:00;0,189;;
d0fbcc1108d8;2023/07/02;15:00;0,146;;
d0fbcc1108d8;2023/07/02;16:00;0,134;;
d0fbcc1108d8;2023/07/02;17:00;0,139;;
d0fbcc1108d8;2023/07/02;18:00;0,142;;
d0fbcc1108d8;2023/07/02;19:00;0,143;;
d0fbcc1108d8;2023/07/02;20:00;0,136;;
d0fbcc1108d8;2023/07/02;21:00;0,137;;
d0fbcc1108d8;2023/07/02;22:00;0,148;;
d0fbcc1108d8;2023/07/02;23:00;0,140;;
d0fbcc1108d8;2023/07/02;24:00;0,138;;
d0fbcc1108d8;2023/07/03;01:00;0,155;;
d0fbcc1108d8;2023/07/03;02:00;0,147;;
d0fbcc1108d8;2023/07/03;03:00;0,150;;
d0fbcc1108d8;2023/07/03;04:00;0,144;;
d0fbcc1108d8;2023/07/03;05:00;0,179;;
d0fbcc1108d8;2023/07/03;06:00;0,165;;
d0fbcc1108d8;2023/07/03;07:00;0,143;;
d0fbcc1108d8;2023/07/03;08:00;0,136;;
d0fbcc1108d8;2023/07/03;09:00;0,139;;
d0fbcc1108d8;2023/07/03;10:00;0,161;;
d0fbcc1108d8;2023/07/03;11:00;0,132;;
d0fbcc1108d8;2023/07/03;12:00;0,137;;
d0fbcc1108d8;2023/07/03;13:00;0,145;;
d0fbcc1108d8;2023/07/03;14:00;0,143;;
d0fbcc1108d8;2023/07/03;15:00;0,297;;
d0fbcc1108d8;2023/07/03;16:00;0,205;;
d0fbcc1108d8;2023/07/03;17:00;0,137;;
d0fbcc1108d8;2023/07/03;18:00;0,153;;
d0fbcc1108d8;2023/07/03;19:00;0,155;;
d0fbcc1108d8;2023/07/03;20:00;0,190;;
d0fbcc1108d8;2023/07/03;21:00;0,185;;
d0fbcc1108d8;2023/07/03;22:00;0,162;;
d0fbcc1108d8;2023/07/03;23:00;0,142;;
d0fbcc1108d8;2023/07/03;24:00;0,164;;
d0fbcc1108d8;2023/07/04;01:00;0,169;;
d0fbcc1108d8;2023/07/04;02:00;0,176;;
d0fbcc1108d8;2023/07/04;03:00;0,161;;
d0fbcc1108d8;2023/07/04;04:00;0,168;;
d0fbcc1108d8;2023/07/04;05:00;0,169;;
d0fbcc1108d8;2023/07/04;06:00;0,144;;
d0fbcc1108d8;2023/07/04;07:00;0,143;;
d0fbcc1108d8;2023/07/04;08:00;0,144;;
d0fbcc1108d8;2023/07/04;09:00;0,140;;
d0fbcc1108d8;2023/07/04;10:00;0,194;;
d0fbcc1108d8;2023/07/04;11:00;0,157;;
d0fbcc1108d8;2023/07/04;12:00;0,142;;
d0fbcc1108d8;2023/07/04;13:00;0,151;;
d0fbcc1108d8;2023/07/04;14:00;0,138;;
d0fbcc1108d8;2023/07/04;15:00;0,136;;
d0fbcc1108d8;2023/07/04;16:00;0,185;;
d0fbcc1108d8;2023/07/04;17:00;0,145;;
d0fbcc1108d8;2023/07/04;18:00;0,143;;
d0fbcc1108d8;2023/07/04;19:00;0,154;;
d0fbcc1108d8;2023/07/04;20:00;0,154;;
d0fbcc1108d8;2023/07/04;21:00;0,141;;
d0fbcc1108d8;2023/07/04;22:00;0,146;;
d0fbcc1108d8;2023/07/04;23:00;0,153;;
d0fbcc1108d8;2023/07/04;24:00;0,200;;
d0fbcc1108d8;2023/07/05;01:00;0,255;;
d0fbcc1108d8;2023/07/05;02:00;0,236;;
d0fbcc1108d8;2023/07/05;03:00;0,154;;
d0fbcc1108d8;2023/07/05;04:00;0,161;;
d0fbcc1108d8;2023/07/05;05:00;0,142;;
d0fbcc1108d8;2023/07/05;06:00;0,141;;
d0fbcc1108d8;2023/07/05;07:00;0,144;;
d0fbcc1108d8;2023/07/05;08:00;0,140;;
d0fbcc1108d8;2023/07/05;09:00;0,096;;
d0fbcc1108d8;2023/07/05;10:00;0,000;;
d0fbcc1108d8;2023/07/05;11:00;0,134;;
d0fbcc1108d8;2023/07/05;12:00;0,197;;
d0fbcc1108d8;2023/07/05;13:00;0,155;;
d0fbcc1108d8;2023/07/05;14:00;0,148;;
d0fbcc1108d8;2023/07/05;15:00;0,159;;
d0fbcc1108d8;2023/07/05;16:00;0,145;;
d0fbcc1108d8;2023/07/05;17:00;0,187;;
d0fbcc1108d8;2023/07/05;18:00;0,186;;
d0fbcc1108d8;2023/07/05;19:00;0,158;;
d0fbcc1108d8;2023/07/05;20:00;0,147;;
d0fbcc1108d8;2023/07/05;21:00;0,139;;
d0fbcc1108d8;2023/07/05;22:00;0,152;;
d0fbcc1108d8;2023/07/05;23:00;0,140;;
d0fbcc1108d8;2023/07/05;24:00;0,144;;
d0fbcc1108d8;2023/07/06;01:00;0,262;;
d0fbcc1108d8;2023/07/06;02:00;0,215;;
d0fbcc1108d8;2023/07/06;03:00;0,231;;
d0fbcc1108d8;2023/07/06;04:00;0,199;;
d0fbcc1108d8;2023/07/06;05:00;0,142;;
d0fbcc1108d8;2023/07/06;06:00;0,163;;
d0fbcc1108d8;2023/07/06;07:00;0,208;;
d0fbcc1108d8;2023/07/06;08:00;0,158;;
d0fbcc1108d8;2023/07/06;09:00;0,140;;
d0fbcc1108d8;2023/07/06;10:00;0,156;;
d0fbcc1108d8;2023/07/06;11:00;0,139;;
d0fbcc1108d8;2023/07/06;12:00;0,165;;
d0fbcc1108d8;2023/07/06;13:00;0,135;;
d0fbcc1108d8;2023/07/06;14:00;0,144;;
d0fbcc1108d8;2023/07/06;15:00;0,148;;
d0fbcc1108d8;2023/07/06;16:00;0,137;;
d0fbcc1108d8;2023/07/06;17:00;0,147;;
d0fbcc1108d8;2023/07/06;18:00;0,144;;
d0fbcc1108d8;2023/07/06;19:00;0,142;;
d0fbcc1108d8;2023/07/06;20:00;0,157;;
d0fbcc1108d8;2023/07/06;21:00;0,191;;
d0fbcc1108d8;2023/07/06;22:00;0,176;;
d0fbcc1108d8;2023/07/06;23:00;0,138;;
d0fbcc1108d8;2023/07/06;24:00;0,212;;
d0fbcc1108d8;2023/07/07;01:00;0,205;;
d0fbcc1108d8;2023/07/07;02:00;0,189;;
d0fbcc1108d8;2023/07/07;03:00;0,144;;
d0fbcc1108d8;2023/07/07;04:00;0,157;;
d0fbcc1108d8;2023/07/07;05:00;0,138;;
d0fbcc1108d8;2023/07/07;06:00;0,139;;
d0fbcc1108d8;2023/07/07;07:00;0,147;;
d0fbcc1108d8;2023/07/07;08:00;0,140;;
d0fbcc1108d8;2023/07/07;09:00;0,180;;
d0fbcc1108d8;2023/07/07;10:00;0,149;;
d0fbcc1108d8;2023/07/07;11:00;0,145;;
d0fbcc1108d8;2023/07/07;12:00;0,192;;
d0fbcc1108d8;2023/07/07;13:00;0,156;;
d0fbcc1108d8;2023/07/07;14:00;0,151;;
d0fbcc1108d8;2023/07/07;15:00;0,142;;
d0fbcc1108d8;2023/07/07;16:00;0,146;;
d0fbcc1108d8;2023/07/07;17:00;0,153;;
d0fbcc1108d8;2023/07/07;18:00;0,137;;
d0fbcc1108d8;2023/07/07;19:00;0,156;;
d0fbcc1108d8;2023/07/07;20:00;0,144;;
d0fbcc1108d8;2023/07/07;21:00;0,146;;
d0fbcc1108d8;2023/07/07;22:00;0,151;;
d0fbcc1108d8;2023/07/07;23:00;0,135;;
d0fbcc1108d8;2023/07/07;24:00;0,147;;
d0fbcc1108d8;2023/07/08;01:00;0,179;;
d0fbcc1108d8;2023/07/08;02:00;0,245;;
d0fbcc1108d8;2023/07/08;03:00;0,280;;
d0fbcc1108d8;2023/07/08;04:00;0,215;;
d0fbcc1108d8;2023/07/08;05:00;0,161;;
d0fbcc1108d8;2023/07/08;06:00;0,139;;
d0fbcc1108d8;2023/07/08;07:00;0,145;;
d0fbcc1108d8;2023/07/08;08:00;0,145;;
d0fbcc1108d8;2023/07/08;09:00;0,138;;
d0fbcc1108d8;2023/07/08;10:00;0,150;;
d0fbcc1108d8;2023/07/08;11:00;0,140;;
d0fbcc1108d8;2023/07/08;12:00;0,928;;
d0fbcc1108d8;2023/07/08;13:00;0,198;;
d0fbcc1108d8;2023/07/08;14:00;0,192;;
d0fbcc1108d8;2023/07/08;15:00;0,235;;
d0fbcc1108d8;2023/07/08;16:00;0,175;;
d0fbcc1108d8;2023/07/08;17:00;0,188;;
d0fbcc1108d8;2023/07/08;18:00;0,191;;
d0fbcc1108d8;2023/07/08;19:00;0,166;;
d0fbcc1108d8;2023/07/08;20:00;0,148;;
d0fbcc1108d8;2023/07/08;21:00;0,158;;
d0fbcc1108d8;2023/07/08;22:00;0,147;;
d0fbcc1108d8;2023/07/08;23:00;0,138;;
d0fbcc1108d8;2023/07/08;24:00;0,170;;
d0fbcc1108d8;2023/07/09;01:00;0,184;;
d0fbcc1108d8;2023/07/09;02:00;0,229;;
d0fbcc1108d8;2023/07/09;03:00;0,198;;
d0fbcc1108d8;2023/07/09;04:00;0,152;;
d0fbcc1108d8;2023/07/09;05:00;0,141;;
d0fbcc1108d8;2023/07/09;06:00;0,139;;
d0fbcc1108d8;2023/07/09;07:00;0,151;;
d0fbcc1108d8;2023/07/09;08:00;0,190;;
d0fbcc1108d8;2023/07/09;09:00;0,146;;
d0fbcc1108d8;2023/07/09;10:00;0,134;;
d0fbcc1108d8;2023/07/09;11:00;0,134;;
d0fbcc1108d8;2023/07/09;12:00;0,160;;
d0fbcc1108d8;2023/07/09;13:00;0,152;;
d0fbcc1108d8;2023/07/09;14:00;0,139;;
d0fbcc1108d8;2023/07/09;15:00;0,136;;
d0fbcc1108d8;2023/07/09;16:00;0,143;;
d0fbcc1108d8;2023/07/09;17:00;0,157;;
d0fbcc1108d8;2023/07/09;18:00;0,144;;
d0fbcc1108d8;2023/07/09;19:00;0,153;;
d0fbcc1108d8;2023/07/09;20:00;0,160;;
d0fbcc1108d8;2023/07/09;21:00;0,142;;
d0fbcc1108d8;2023/07/09;22:00;0,142;;
d0fbcc1108d8;2023/07/09;23:00;0,203;;
d0fbcc1108d8;2023/07/09;24:00;0,209;;
d0fbcc1108d8;2023/07/10;01:00;0,178;;
d0fbcc1108d8;2023/07/10;02:00;0,164;;
d0fbcc1108d8;2023/07/10;03:00;0,159;;
d0fbcc1108d8;2023/07/10;04:00;0,142;;
d0fbcc1108d8;2023/07/10;05:00;0,165;;
d0fbcc1108d8;2023/07/10;06:00;0,146;;
d0fbcc1108d8;2023/07/10;07:00;0,136;;
d0fbcc1108d8;2023/07/10;08:00;0,140;;
d0fbcc1108d8;2023/07/10;09:00;0,141;;
d0fbcc1108d8;2023/07/10;10:00;0,142;;
d0fbcc1108d8;2023/07/10;11:00;0,146;;
d0fbcc1108d8;2023/07/10;12:00;0,137;;
d0fbcc1108d8;2023/07/10;13:00;0,190;;
d0fbcc1108d8;2023/07/10;14:00;0,185;;
d0fbcc1108d8;2023/07/10;15:00;0,144;;
d0fbcc1108d8;2023/07/10;16:00;0,159;;
d0fbcc1108d8;2023/07/10;17:00;0,146;;
d0fbcc1108d8;2023/07/10;18:00;0,159;;
d0fbcc1108d8;2023/07/10;19:00;0,144;;
d0fbcc1108d8;2023/07/10;20:00;0,171;;
d0fbcc1108d8;2023/07/10;21:00;0,138;;
d0fbcc1108d8;2023/07/10;22:00;0,157;;
d0fbcc1108d8;2023/07/10;23:00;0,150;;
d0fbcc1108d8;2023/07/10;24:00;0,175;;
d0fbcc1108d8;2023/07/11;01:00;0,143;;
d0fbcc1108d8;2023/07/11;02:00;0,165;;
d0fbcc1108d8;2023/07/11;03:00;0,199;;
d0fbcc1108d8;2023/07/11;04:00;0,198;;
d0fbcc1108d8;2023/07/11;05:00;0,159;;
d0fbcc1108d8;2023/07/11;06:00;0,141;;
d0fbcc1108d8;2023/07/11;07:00;0,152;;
d0fbcc1108d8;2023/07/11;08:00;0,153;;
d0fbcc1108d8;2023/07/11;09:00;0,151;;
d0fbcc1108d8;2023/07/11;10:00;0,181;;
d0fbcc1108d8;2023/07/11;11:00;0,150;;
d0fbcc1108d8;2023/07/11;12:00;0,157;;
d0fbcc1108d8;2023/07/11;13:00;0,155;;
d0fbcc1108d8;2023/07/11;14:00;0,159;;
d0fbcc1108d8;2023/07/11;15:00;0,146;;
d0fbcc1108d8;2023/07/11;16:00;0,174;;
d0fbcc1108d8;2023/07/11;17:00;0,217;;
d0fbcc1108d8;2023/07/11;18:00;0,164;;
d0fbcc1108d8;2023/07/11;19:00;0,192;;
d0fbcc1108d8;2023/07/11;20:00;0,149;;
d0fbcc1108d8;2023/07/11;21:00;0,161;;
d0fbcc1108d8;2023/07/11;22:00;0,178;;
d0fbcc1108d8;2023/07/11;23:00;0,139;;
d0fbcc1108d8;2023/07/11;24:00;0,186;;
d0fbcc1108d8;2023/07/12;01:00;0,256;;
d0fbcc1108d8;2023/07/12;02:00;0,233;;
d0fbcc1108d8;2023/07/12;03:00;0,231;;
d0fbcc1108d8;2023/07/12;04:00;0,181;;
d0fbcc1108d8;2023/07/12;05:00;0,231;;
d0fbcc1108d8;2023/07/12;06:00;0,181;;
d0fbcc1108d8;2023/07/12;07:00;0,163;;
d0fbcc1108d8;2023/07/12;08:00;0,145;;
d0fbcc1108d8;2023/07/12;09:00;0,172;;
d0fbcc1108d8;2023/07/12;10:00;0,142;;
d0fbcc1108d8;2023/07/12;11:00;0,156;;
d0fbcc1108d8;2023/07/12;12:00;0,157;;
d0fbcc1108d8;2023/07/12;13:00;0,200;;
d0fbcc1108d8;2023/07/12;14:00;0,158;;
d0fbcc1108d8;2023/07/12;15:00;0,147;;
d0fbcc1108d8;2023/07/12;16:00;0,159;;
d0fbcc1108d8;2023/07/12;17:00;0,141;;
d0fbcc1108d8;2023/07/12;18:00;0,202;;
d0fbcc1108d8;2023/07/12;19:00;0,212;;
d0fbcc1108d8;2023/07/12;20:00;0,148;;
d0fbcc1108d8;2023/07/12;21:00;0,156;;
d0fbcc1108d8;2023/07/12;22:00;0,166;;
d0fbcc1108d8;2023/07/12;23:00;0,195;;
d0fbcc1108d8;2023/07/12;24:00;0,198;;
d0fbcc1108d8;2023/07/13;01:00;0,221;;
d0fbcc1108d8;2023/07/13;02:00;0,152;;
d0fbcc1108d8;2023/07/13;03:00;0,169;;
d0fbcc1108d8;2023/07/13;04:00;0,155;;
d0fbcc1108d8;2023/07/13;05:00;0,157;;
d0fbcc1108d8;2023/07/13;06:00;0,140;;
d0fbcc1108d8;2023/07/13;07:00;0,153;;
d0fbcc1108d8;2023/07/13;08:00;0,218;;
d0fbcc1108d8;2023/07/13;09:00;0,197;;
d0fbcc1108d8;2023/07/13;10:00;0,160;;
d0fbcc1108d8;2023/07/13;11:00;0,153;;
d0fbcc1108d8;2023/07/13;12:00;0,159;;
d0fbcc1108d8;2023/07/13;13:00;0,147;;
d0fbcc1108d8;2023/07/13;14:00;0,144;;
d0fbcc1108d8;2023/07/13;15:00;0,155;;
d0fbcc1108d8;2023/07/13;16:00;0,138;;
d0fbcc1108d8;2023/07/13;17:00;0,152;;
d0fbcc1108d8;2023/07/13;18:00;0,154;;
d0fbcc1108d8;2023/07/13;19:00;0,154;;
d0fbcc1108d8;2023/07/13;20:00;0,164;;
d0fbcc1108d8;2023/07/13;21:00;0,146;;
d0fbcc1108d8;2023/07/13;22:00;0,191;;
d0fbcc1108d8;2023/07/13;23:00;0,194;;
d0fbcc1108d8;2023/07/13;24:00;0,303;;
d0fbcc1108d8;2023/07/14;01:00;0,780;;
d0fbcc1108d8;2023/07/14;02:00;0,519;;
d0fbcc1108d8;2023/07/14;03:00;0,201;;
d0fbcc1108d8;2023/07/14;04:00;0,154;;
d0fbcc1108d8;2023/07/14;05:00;0,162;;
d0fbcc1108d8;2023/07/14;06:00;0,150;;
d0fbcc1108d8;2023/07/14;07:00;0,140;;
d0fbcc1108d8;2023/07/14;08:00;0,147;;
d0fbcc1108d8;2023/07/14;09:00;0,149;;
d0fbcc1108d8;2023/07/14;10:00;0,152;;
d0fbcc1108d8;2023/07/14;11:00;0,150;;
d0fbcc1108d8;2023/07/14;12:00;0,218;;
d0fbcc1108d8;2023/07/14;13:00;0,180;;
d0fbcc1108d8;2023/07/14;14:00;0,158;;
d0fbcc1108d8;2023/07/14;15:00;0,164;;
d0fbcc1108d8;2023/07/14;16:00;0,597;;
d0fbcc1108d8;2023/07/14;17:00;0,799;;
d0fbcc1108d8;2023/07/14;18:00;0,151;;
d0fbcc1108d8;2023/07/14;19:00;0,174;;
d0fbcc1108d8;2023/07/14;20:00;0,161;;
d0fbcc1108d8;2023/07/14;21:00;0,156;;
d0fbcc1108d8;2023/07/14;22:00;0,153;;
d0fbcc1108d8;2023/07/14;23:00;0,169;;
d0fbcc1108d8;2023/07/14;24:00;0,388;;
d0fbcc1108d8;2023/07/15;01:00;0,676;;
d0fbcc1108d8;2023/07/15;02:00;0,228;;
d0fbcc1108d8;2023/07/15;03:00;0,165;;
d0fbcc1108d8;2023/07/15;04:00;0,175;;
d0fbcc1108d8;2023/07/15;05:00;0,160;;
d0fbcc1108d8;2023/07/15;06:00;0,150;;
d0fbcc1108d8;2023/07/15;07:00;0,142;;
d0fbcc1108d8;2023/07/15;08:00;0,153;;
d0fbcc1108d8;2023/07/15;09:00;0,148;;
d0fbcc1108d8;2023/07/15;10:00;0,139;;
d0fbcc1108d8;2023/07/15;11:00;0,169;;
d0fbcc1108d8;2023/07/15;12:00;0,192;;
d0fbcc1108d8;2023/07/15;13:00;0,155;;
d0fbcc1108d8;2023/07/15;14:00;0,145;;
d0fbcc1108d8;2023/07/15;15:00;0,178;;
d0fbcc1108d8;2023/07/15;16:00;0,204;;
d0fbcc1108d8;2023/07/15;17:00;0,151;;
d0fbcc1108d8;2023/07/15;18:00;0,148;;
d0fbcc1108d8;2023/07/15;19:00;0,152;;
d0fbcc1108d8;2023/07/15;20:00;0,177;;
d0fbcc1108d8;2023/07/15;21:00;0,178;;
d0fbcc1108d8;2023/07/15;22:00;0,157;;
d0fbcc1108d8;2023/07/15;23:00;0,143;;
d0fbcc1108d8;2023/07/15;24:00;0,149;;
d0fbcc1108d8;2023/07/16;01:00;0,188;;
d0fbcc1108d8;2023/07/16;02:00;0,234;;
d0fbcc1108d8;2023/07/16;03:00;0,228;;
d0fbcc1108d8;2023/07/16;04:00;0,171;;
d0fbcc1108d8;2023/07/16;05:00;0,174;;
d0fbcc1108d8;2023/07/16;06:00;0,186;;
d0fbcc1108d8;2023/07/16;07:00;0,157;;
d0fbcc1108d8;2023/07/16;08:00;0,135;;
d0fbcc1108d8;2023/07/16;09:00;0,130;;
d0fbcc1108d8;2023/07/16;10:00;0,140;;
d0fbcc1108d8;2023/07/16;11:00;0,149;;
d0fbcc1108d8;2023/07/16;12:00;0,146;;
d0fbcc1108d8;2023/07/16;13:00;0,143;;
d0fbcc1108d8;2023/07/16;14:00;0,137;;
d0fbcc1108d8;2023/07/16;15:00;0,145;;
d0fbcc1108d8;2023/07/16;16:00;0,146;;
d0fbcc1108d8;2023/07/16;17:00;0,143;;
d0fbcc1108d8;2023/07/16;18:00;0,146;;
d0fbcc1108d8;2023/07/16;19:00;0,157;;
d0fbcc1108d8;2023/07/16;20:00;0,145;;
d0fbcc1108d8;2023/07/16;21:00;0,182;;
d0fbcc1108d8;2023/07/16;22:00;0,161;;
d0fbcc1108d8;2023/07/16;23:00;0,146;;
d0fbcc1108d8;2023/07/16;24:00;0,134;;
d0fbcc1108d8;2023/07/17;01:00;0,147;;
d0fbcc1108d8;2023/07/17;02:00;0,137;;
d0fbcc1108d8;2023/07/17;03:00;0,130;;
d0fbcc1108d8;2023/07/17;04:00;0,143;;
d0fbcc1108d8;2023/07/17;05:00;0,141;;
d0fbcc1108d8;2023/07/17;06:00;0,131;;
d0fbcc1108d8;2023/07/17;07:00;0,128;;
d0fbcc1108d8;2023/07/17;08:00;0,135;;
d0fbcc1108d8;2023/07/17;09:00;0,137;;
d0fbcc1108d8;2023/07/17;10:00;0,133;;
d0fbcc1108d8;2023/07/17;11:00;0,130;;
d0fbcc1108d8;2023/07/17;12:00;0,204;;
d0fbcc1108d8;2023/07/17;13:00;0,152;;
d0fbcc1108d8;2023/07/17;14:00;0,135;;
d0fbcc1108d8;2023/07/17;15:00;0,144;;
d0fbcc1108d8;2023/07/17;16:00;0,145;;
d0fbcc1108d8;2023/07/17;17:00;0,136;;
d0fbcc1108d8;2023/07/17;18:00;0,149;;
d0fbcc1108d8;2023/07/17;19:00;0,139;;
d0fbcc1108d8;2023/07/17;20:00;0,133;;
d0fbcc1108d8;2023/07/17;21:00;0,148;;
d0fbcc1108d8;2023/07/17;22:00;0,137;;
d0fbcc1108d8;2023/07/17;23:00;0,143;;
d0fbcc1108d8;2023/07/17;24:00;0,157;;
d0fbcc1108d8;2023/07/18;01:00;0,138;;
d0fbcc1108d8;2023/07/18;02:00;0,182;;
d0fbcc1108d8;2023/07/18;03:00;0,173;;
d0fbcc1108d8;2023/07/18;04:00;0,138;;
d0fbcc1108d8;2023/07/18;05:00;0,147;;
d0fbcc1108d8;2023/07/18;06:00;0,134;;
d0fbcc1108d8;2023/07/18;07:00;0,159;;
d0fbcc1108d8;2023/07/18;08:00;0,143;;
d0fbcc1108d8;2023/07/18;09:00;0,135;;
d0fbcc1108d8;2023/07/18;10:00;0,146;;
d0fbcc1108d8;2023/07/18;11:00;0,133;;
d0fbcc1108d8;2023/07/18;12:00;0,143;;
d0fbcc1108d8;2023/07/18;13:00;0,159;;
d0fbcc1108d8;2023/07/18;14:00;0,134;;
d0fbcc1108d8;2023/07/18;15:00;0,139;;
d0fbcc1108d8;2023/07/18;16:00;0,172;;
d0fbcc1108d8;2023/07/18;17:00;0,193;;
d0fbcc1108d8;2023/07/18;18:00;0,155;;
d0fbcc1108d8;2023/07/18;19:00;0,147;;
d0fbcc1108d8;2023/07/18;20:00;0,142;;
d0fbcc1108d8;2023/07/18;21:00;0,166;;
d0fbcc1108d8;2023/07/18;22:00;0,139;;
d0fbcc1108d8;2023/07/18;23:00;0,144;;
d0fbcc1108d8;2023/07/18;24:00;0,156;;
d0fbcc1108d8;2023/07/19;01:00;0,147;;
d0fbcc1108d8;2023/07/19;02:00;0,147;;
d0fbcc1108d8;2023/07/19;03:00;0,138;;
d0fbcc1108d8;2023/07/19;04:00;0,169;;
d0fbcc1108d8;2023/07/19;05:00;0,133;;
d0fbcc1108d8;2023/07/19;06:00;0,201;;
d0fbcc1108d8;2023/07/19;07:00;0,165;;
d0fbcc1108d8;2023/07/19;08:00;0,161;;
d0fbcc1108d8;2023/07/19;09:00;0,133;;
d0fbcc1108d8;2023/07/19;10:00;0,153;;
d0fbcc1108d8;2023/07/19;11:00;0,152;;
d0fbcc1108d8;2023/07/19;12:00;0,148;;
d0fbcc1108d8;2023/07/19;13:00;0,139;;
d0fbcc1108d8;2023/07/19;14:00;0,155;;
d0fbcc1108d8;2023/07/19;15:00;0,152;;
d0fbcc1108d8;2023/07/19;16:00;0,142;;
d0fbcc1108d8;2023/07/19;17:00;0,158;;
d0fbcc1108d8;2023/07/19;18:00;0,150;;
d0fbcc1108d8;2023/07/19;19:00;0,167;;
d0fbcc1108d8;2023/07/19;20:00;0,212;;
d0fbcc1108d8;2023/07/19;21:00;0,145;;
d0fbcc1108d8;2023/07/19;22:00;0,153;;
d0fbcc1108d8;2023/07/19;23:00;0,170;;
d0fbcc1108d8;2023/07/19;24:00;0,133;;
d0fbcc1108d8;2023/07/20;01:00;0,163;;
d0fbcc1108d8;2023/07/20;02:00;0,147;;
d0fbcc1108d8;2023/07/20;03:00;0,150;;
d0fbcc1108d8;2023/07/20;04:00;0,150;;
d0fbcc1108d8;2023/07/20;05:00;0,156;;
d0fbcc1108d8;2023/07/20;06:00;0,132;;
d0fbcc1108d8;2023/07/20;07:00;0,164;;
d0fbcc1108d8;2023/07/20;08:00;0,167;;
d0fbcc1108d8;2023/07/20;09:00;0,193;;
d0fbcc1108d8;2023/07/20;10:00;0,142;;
d0fbcc1108d8;2023/07/20;11:00;0,166;;
d0fbcc1108d8;2023/07/20;12:00;0,140;;
d0fbcc1108d8;2023/07/20;13:00;0,146;;
d0fbcc1108d8;2023/07/20;14:00;0,158;;
d0fbcc1108d8;2023/07/20;15:00;0,149;;
d0fbcc1108d8;2023/07/20;16:00;0,138;;
d0fbcc1108d8;2023/07/20;17:00;0,167;;
d0fbcc1108d8;2023/07/20;18:00;0,137;;
d0fbcc1108d8;2023/07/20;19:00;0,156;;
d0fbcc1108d8;2023/07/20;20:00;0,150;;
d0fbcc1108d8;2023/07/20;21:00;0,147;;
d0fbcc1108d8;2023/07/20;22:00;0,194;;
d0fbcc1108d8;2023/07/20;23:00;0,180;;
d0fbcc1108d8;2023/07/20;24:00;0,151;;
d0fbcc1108d8;2023/07/21;01:00;0,148;;
d0fbcc1108d8;2023/07/21;02:00;0,160;;
d0fbcc1108d8;2023/07/21;03:00;0,132;;
d0fbcc1108d8;2023/07/21;04:00;0,161;;
d0fbcc1108d8;2023/07/21;05:00;0,143;;
d0fbcc1108d8;2023/07/21;06:00;0,146;;
d0fbcc1108d8;2023/07/21;07:00;0,136;;
d0fbcc1108d8;2023/07/21;08:00;0,151;;
d0fbcc1108d8;2023/07/21;09:00;0,152;;
d0fbcc1108d8;2023/07/21;10:00;0,131;;
d0fbcc1108d8;2023/07/21;11:00;0,159;;
d0fbcc1108d8;2023/07/21;12:00;0,212;;
d0fbcc1108d8;2023/07/21;13:00;0,147;;
d0fbcc1108d8;2023/07/21;14:00;0,138;;
d0fbcc1108d8;2023/07/21;15:00;0,153;;
d0fbcc1108d8;2023/07/21;16:00;0,150;;
d0fbcc1108d8;2023/07/21;17:00;0,139;;
d0fbcc1108d8;2023/07/21;18:00;0,144;;
d0fbcc1108d8;2023/07/21;19:00;0,150;;
d0fbcc1108d8;2023/07/21;20:00;0,151;;
d0fbcc1108d8;2023/07/21;21:00;0,133;;
d0fbcc1108d8;2023/07/21;22:00;0,149;;
d0fbcc1108d8;2023/07/21;23:00;0,156;;
d0fbcc1108d8;2023/07/21;24:00;0,132;;
d0fbcc1108d8;2023/07/22;01:00;0,161;;
d0fbcc1108d8;2023/07/22;02:00;0,202;;
d0fbcc1108d8;2023/07/22;03:00;0,153;;
d0fbcc1108d8;2023/07/22;04:00;0,142;;
d0fbcc1108d8;2023/07/22;05:00;0,135;;
d0fbcc1108d8;2023/07/22;06:00;0,145;;
d0fbcc1108d8;2023/07/22;07:00;0,139;;
d0fbcc1108d8;2023/07/22;08:00;0,140;;
d0fbcc1108d8;2023/07/22;09:00;0,146;;
d0fbcc1108d8;2023/07/22;10:00;0,138;;
d0fbcc1108d8;2023/07/22;11:00;0,131;;
d0fbcc1108d8;2023/07/22;12:00;0,131;;
d0fbcc1108d8;2023/07/22;13:00;0,142;;
d0fbcc1108d8;2023/07/22;14:00;0,140;;
d0fbcc1108d8;2023/07/22;15:00;0,135;;
d0fbcc1108d8;2023/07/22;16:00;0,188;;
d0fbcc1108d8;2023/07/22;17:00;0,182;;
d0fbcc1108d8;2023/07/22;18:00;0,131;;
d0fbcc1108d8;2023/07/22;19:00;0,147;;
d0fbcc1108d8;2023/07/22;20:00;0,134;;
d0fbcc1108d8;2023/07/22;21:00;0,138;;
d0fbcc1108d8;2023/07/22;22:00;0,155;;
d0fbcc1108d8;2023/07/22;23:00;0,140;;
d0fbcc1108d8;2023/07/22;24:00;0,132;;
d0fbcc1108d8;2023/07/23;01:00;0,144;;
d0fbcc1108d8;2023/07/23;02:00;0,137;;
d0fbcc1108d8;2023/07/23;03:00;0,130;;
d0fbcc1108d8;2023/07/23;04:00;0,139;;
d0fbcc1108d8;2023/07/23;05:00;0,147;;
d0fbcc1108d8;2023/07/23;06:00;0,138;;
d0fbcc1108d8;2023/07/23;07:00;0,204;;
d0fbcc1108d8;2023/07/23;08:00;0,144;;
d0fbcc1108d8;2023/07/23;09:00;0,142;;
d0fbcc1108d8;2023/07/23;10:00;0,130;;
d0fbcc1108d8;2023/07/23;11:00;0,137;;
d0fbcc1108d8;2023/07/23;12:00;0,140;;
d0fbcc1108d8;2023/07/23;13:00;0,134;;
d0fbcc1108d8;2023/07/23;14:00;0,131;;
d0fbcc1108d8;2023/07/23;15:00;0,140;;
d0fbcc1108d8;2023/07/23;16:00;0,141;;
d0fbcc1108d8;2023/07/23;17:00;0,136;;
d0fbcc1108d8;2023/07/23;18:00;0,147;;
d0fbcc1108d8;2023/07/23;19:00;0,152;;
d0fbcc1108d8;2023/07/23;20:00;0,131;;
d0fbcc1108d8;2023/07/23;21:00;0,159;;
d0fbcc1108d8;2023/07/23;22:00;0,185;;
d0fbcc1108d8;2023/07/23;23:00;0,141;;
d0fbcc1108d8;2023/07/23;24:00;0,159;;
d0fbcc1108d8;2023/07/24;01:00;0,141;;
d0fbcc1108d8;2023/07/24;02:00;0,138;;
d0fbcc1108d8;2023/07/24;03:00;0,144;;
d0fbcc1108d8;2023/07/24;04:00;0,131;;
d0fbcc1108d8;2023/07/24;05:00;0,138;;
d0fbcc1108d8;2023/07/24;06:00;0,143;;
d0fbcc1108d8;2023/07/24;07:00;0,137;;
d0fbcc1108d8;2023/07/24;08:00;0,135;;
d0fbcc1108d8;2023/07/24;09:00;0,142;;
d0fbcc1108d8;2023/07/24;10:00;0,146;;
d0fbcc1108d8;2023/07/24;11:00;0,134;;
d0fbcc1108d8;2023/07/24;12:00;0,181;;
d0fbcc1108d8;2023/07/24;13:00;0,157;;
d0fbcc1108d8;2023/07/24;14:00;0,145;;
d0fbcc1108d8;2023/07/24;15:00;0,130;;
d0fbcc1108d8;2023/07/24;16:00;0,148;;
d0fbcc1108d8;2023/07/24;17:00;0,141;;
d0fbcc1108d8;2023/07/24;18:00;0,142;;
d0fbcc1108d8;2023/07/24;19:00;0,150;;
d0fbcc1108d8;2023/07/24;20:00;0,133;;
d0fbcc1108d8;2023/07/24;21:00;0,131;;
d0fbcc1108d8;2023/07/24;22:00;0,143;;
d0fbcc1108d8;2023/07/24;23:00;0,139;;
d0fbcc1108d8;2023/07/24;24:00;0,137;;
d0fbcc1108d8;2023/07/25;01:00;0,141;;
d0fbcc1108d8;2023/07/25;02:00;0,160;;
d0fbcc1108d8;2023/07/25;03:00;0,189;;
d0fbcc1108d8;2023/07/25;04:00;0,132;;
d0fbcc1108d8;2023/07/25;05:00;0,144;;
d0fbcc1108d8;2023/07/25;06:00;0,137;;
d0fbcc1108d8;2023/07/25;07:00;0,130;;
d0fbcc1108d8;2023/07/25;08:00;0,131;;
d0fbcc1108d8;2023/07/25;09:00;0,135;;
d0fbcc1108d8;2023/07/25;10:00;0,136;;
d0fbcc1108d8;2023/07/25;11:00;0,131;;
d0fbcc1108d8;2023/07/25;12:00;0,129;;
d0fbcc1108d8;2023/07/25;13:00;0,129;;
d0fbcc1108d8;2023/07/25;14:00;0,130;;
d0fbcc1108d8;2023/07/25;15:00;0,136;;
d0fbcc1108d8;2023/07/25;16:00;0,136;;
d0fbcc1108d8;2023/07/25;17:00;0,136;;
d0fbcc1108d8;2023/07/25;18:00;0,201;;
d0fbcc1108d8;2023/07/25;19:00;0,140;;
d0fbcc1108d8;2023/07/25;20:00;0,142;;
d0fbcc1108d8;2023/07/25;21:00;0,129;;
d0fbcc1108d8;2023/07/25;22:00;0,133;;
d0fbcc1108d8;2023/07/25;23:00;0,139;;
d0fbcc1108d8;2023/07/25;24:00;0,135;;
d0fbcc1108d8;2023/07/26;01:00;0,129;;
d0fbcc1108d8;2023/07/26;02:00;0,129;;
d0fbcc1108d8;2023/07/26;03:00;0,136;;
d0fbcc1108d8;2023/07/26;04:00;0,136;;
d0fbcc1108d8;2023/07/26;05:00;0,136;;
d0fbcc1108d8;2023/07/26;06:00;0,128;;
d0fbcc1108d8;2023/07/26;07:00;0,127;;
d0fbcc1108d8;2023/07/26;08:00;0,128;;
d0fbcc1108d8;2023/07/26;09:00;0,177;;
d0fbcc1108d8;2023/07/26;10:00;0,144;;
d0fbcc1108d8;2023/07/26;11:00;0,135;;
d0fbcc1108d8;2023/07/26;12:00;0,132;;
d0fbcc1108d8;2023/07/26;13:00;0,125;;
d0fbcc1108d8;2023/07/26;14:00;0,129;;
d0fbcc1108d8;2023/07/26;15:00;0,129;;
d0fbcc1108d8;2023/07/26;16:00;0,135;;
d0fbcc1108d8;2023/07/26;17:00;0,136;;
d0fbcc1108d8;2023/07/26;18:00;0,138;;
d0fbcc1108d8;2023/07/26;19:00;0,128;;
d0fbcc1108d8;2023/07/26;20:00;0,129;;
d0fbcc1108d8;2023/07/26;21:00;0,130;;
d0fbcc1108d8;2023/07/26;22:00;0,135;;
d0fbcc1108d8;2023/07/26;23:00;0,136;;
d0fbcc1108d8;2023/07/26;24:00;0,135;;
d0fbcc1108d8;2023/07/27;01:00;0,197;;
d0fbcc1108d8;2023/07/27;02:00;0,131;;
d0fbcc1108d8;2023/07/27;03:00;0,144;;
d0fbcc1108d8;2023/07/27;04:00;0,131;;
d0fbcc1108d8;2023/07/27;05:00;0,129;;
d0fbcc1108d8;2023/07/27;06:00;0,132;;
d0fbcc1108d8;2023/07/27;07:00;0,134;;
d0fbcc1108d8;2023/07/27;08:00;0,134;;
d0fbcc1108d8;2023/07/27;09:00;0,129;;
d0fbcc1108d8;2023/07/27;10:00;0,129;;
d0fbcc1108d8;2023/07/27;11:00;0,149;;
d0fbcc1108d8;2023/07/27;12:00;0,134;;
d0fbcc1108d8;2023/07/27;13:00;0,134;;
d0fbcc1108d8;2023/07/27;14:00;0,130;;
d0fbcc1108d8;2023/07/27;15:00;0,128;;
d0fbcc1108d8;2023/07/27;16:00;0,180;;
d0fbcc1108d8;2023/07/27;17:00;0,162;;
d0fbcc1108d8;2023/07/27;18:00;0,138;;
d0fbcc1108d8;2023/07/27;19:00;0,133;;
d0fbcc1108d8;2023/07/27;20:00;0,144;;
d0fbcc1108d8;2023/07/27;21:00;0,137;;
d0fbcc1108d8;2023/07/27;22:00;0,130;;
d0fbcc1108d8;2023/07/27;23:00;0,137;;
d0fbcc1108d8;2023/07/27;24:00;0,140;;
d0fbcc1108d8;2023/07/28;01:00;0,135;;
d0fbcc1108d8;2023/07/28;02:00;0,131;;
d0fbcc1108d8;2023/07/28;03:00;0,130;;
d0fbcc1108d8;2023/07/28;04:00;0,137;;
d0fbcc1108d8;2023/07/28;05:00;0,138;;
d0fbcc1108d8;2023/07/28;06:00;0,128;;
d0fbcc1108d8;2023/07/28;07:00;0,179;;
d0fbcc1108d8;2023/07/28;08:00;0,154;;
d0fbcc1108d8;2023/07/28;09:00;0,144;;
d0fbcc1108d8;2023/07/28;10:00;0,130;;
d0fbcc1108d8;2023/07/28;11:00;0,128;;
d0fbcc1108d8;2023/07/28;12:00;0,133;;
d0fbcc1108d8;2023/07/28;13:00;0,246;;
d0fbcc1108d8;2023/07/28;14:00;0,345;;
d0fbcc1108d8;2023/07/28;15:00;0,334;;
d0fbcc1108d8;2023/07/28;16:00;0,332;;
d0fbcc1108d8;2023/07/28;17:00;0,342;;
d0fbcc1108d8;2023/07/28;18:00;0,341;;
d0fbcc1108d8;2023/07/28;19:00;0,554;;
d0fbcc1108d8;2023/07/28;20:00;0,326;;
d0fbcc1108d8;2023/07/28;21:00;0,322;;
d0fbcc1108d8;2023/07/28;22:00;0,552;;
d0fbcc1108d8;2023/07/28;23:00;0,327;;
d0fbcc1108d8;2023/07/28;24:00;0,312;;
d0fbcc1108d8;2023/07/29;01:00;0,258;;
d0fbcc1108d8;2023/07/29;02:00;0,267;;
d0fbcc1108d8;2023/07/29;03:00;0,251;;
d0fbcc1108d8;2023/07/29;04:00;0,246;;
d0fbcc1108d8;2023/07/29;05:00;0,242;;
d0fbcc1108d8;2023/07/29;06:00;0,242;;
d0fbcc1108d8;2023/07/29;07:00;0,214;;
d0fbcc1108d8;2023/07/29;08:00;0,431;;
d0fbcc1108d8;2023/07/29;09:00;1,092;;
d0fbcc1108d8;2023/07/29;10:00;0,367;;
d0fbcc1108d8;2023/07/29;11:00;0,452;;
d0fbcc1108d8;2023/07/29;12:00;0,220;;
d0fbcc1108d8;2023/07/29;13:00;0,468;;
d0fbcc1108d8;2023/07/29;14:00;0,304;;
d0fbcc1108d8;2023/07/29;15:00;0,423;;
d0fbcc1108d8;2023/07/29;16:00;0,271;;
d0fbcc1108d8;2023/07/29;17:00;0,252;;
d0fbcc1108d8;2023/07/29;18:00;0,224;;
d0fbcc1108d8;2023/07/29;19:00;0,209;;
d0fbcc1108d8;2023/07/29;20:00;0,209;;
d0fbcc1108d8;2023/07/29;21:00;0,808;;
d0fbcc1108d8;2023/07/29;22:00;1,370;;
d0fbcc1108d8;2023/07/29;23:00;0,494;;
d0fbcc1108d8;2023/07/29;24:00;0,283;;
d0fbcc1108d8;2023/07/30;01:00;0,275;;
d0fbcc1108d8;2023/07/30;02:00;0,255;;
d0fbcc1108d8;2023/07/30;03:00;0,221;;
d0fbcc1108d8;2023/07/30;04:00;0,204;;
d0fbcc1108d8;2023/07/30;05:00;0,204;;
d0fbcc1108d8;2023/07/30;06:00;0,207;;
d0fbcc1108d8;2023/07/30;07:00;0,213;;
d0fbcc1108d8;2023/07/30;08:00;0,790;;
d0fbcc1108d8;2023/07/30;09:00;0,434;;
d0fbcc1108d8;2023/07/30;10:00;0,571;;
d0fbcc1108d8;2023/07/30;11:00;0,245;;
d0fbcc1108d8;2023/07/30;12:00;0,214;;
d0fbcc1108d8;2023/07/30;13:00;0,202;;
d0fbcc1108d8;2023/07/30;14:00;0,196;;
d0fbcc1108d8;2023/07/30;15:00;0,194;;
d0fbcc1108d8;2023/07/30;16:00;0,198;;
d0fbcc1108d8;2023/07/30;17:00;0,176;;
d0fbcc1108d8;2023/07/30;18:00;0,187;;
d0fbcc1108d8;2023/07/30;19:00;0,176;;
d0fbcc1108d8;2023/07/30;20:00;0,169;;
d0fbcc1108d8;2023/07/30;21:00;0,192;;
d0fbcc1108d8;2023/07/30;22:00;0,197;;
d0fbcc1108d8;2023/07/30;23:00;0,223;;
d0fbcc1108d8;2023/07/30;24:00;0,281;;
d0fbcc1108d8;2023/07/31;01:00;0,338;;
d0fbcc1108d8;2023/07/31;02:00;0,280;;
d0fbcc1108d8;2023/07/31;03:00;0,223;;
d0fbcc1108d8;2023/07/31;04:00;0,223;;
d0fbcc1108d8;2023/07/31;05:00;0,225;;
d0fbcc1108d8;2023/07/31;06:00;0,225;;
d0fbcc1108d8;2023/07/31;07:00;0,224;;
d0fbcc1108d8;2023/07/31;08:00;0,222;;
d0fbcc1108d8;2023/07/31;09:00;0,538;;
d0fbcc1108d8;2023/07/31;10:00;0,577;;
d0fbcc1108d8;2023/07/31;11:00;0,511;;
d0fbcc1108d8;2023/07/31;12:00;1,238;;
d0fbcc1108d8;2023/07/31;13:00;0,366;;
d0fbcc1108d8;2023/07/31;14:00;0,937;;
d0fbcc1108d8;2023/07/31;15:00;1,406;;
d0fbcc1108d8;2023/07/31;16:00;1,429;;
d0fbcc1108d8;2023/07/31;17:00;1,144;;
d0fbcc1108d8;2023/07/31;18:00;0,806;;
d0fbcc1108d8;2023/07/31;19:00;0,913;;
d0fbcc1108d8;2023/07/31;20:00;0,889;;
d0fbcc1108d8;2023/07/31;21:00;0,917;;
d0fbcc1108d8;2023/07/31;22:00;0,959;;
d0fbcc1108d8;2023/07/31;23:00;0,906;;
d0fbcc1108d8;2023/07/31;24:00;0,908;;
d0fbcc1108d8;2023/08/01;01:00;0,317;;
d0fbcc1108d8;2023/08/01;02:00;0,215;;
d0fbcc1108d8;2023/08/01;03:00;0,210;;
d0fbcc1108d8;2023/08/01;04:00;0,201;;
d0fbcc1108d8;2023/08/01;05:00;0,203;;
d0fbcc1108d8;2023/08/01;06:00;0,190;;
d0fbcc1108d8;2023/08/01;07:00;0,264;;
d0fbcc1108d8;2023/08/01;08:00;0,225;;
d0fbcc1108d8;2023/08/01;09:00;0,233;;
d0fbcc1108d8;2023/08/01;10:00;0,225;;
d0fbcc1108d8;2023/08/01;11:00;0,201;;
d0fbcc1108d8;2023/08/01;12:00;0,218;;
d0fbcc1108d8;2023/08/01;13:00;0,210;;
d0fbcc1108d8;2023/08/01;14:00;0,179;;
d0fbcc1108d8;2023/08/01;15:00;0,212;;
d0fbcc1108d8;2023/08/01;16:00;0,243;;
d0fbcc1108d8;2023/08/01;17:00;0,233;;
d0fbcc1108d8;2023/08/01;18:00;0,205;;
d0fbcc1108d8;2023/08/01;19:00;0,189;;
d0fbcc1108d8;2023/08/01;20:00;0,195;;
d0fbcc1108d8;2023/08/01;21:00;0,156;;
d0fbcc1108d8;2023/08/01;22:00;0,188;;
d0fbcc1108d8;2023/08/01;23:00;0,170;;
d0fbcc1108d8;2023/08/01;24:00;0,188;;
d0fbcc1108d8;2023/08/02;01:00;0,217;;
d0fbcc1108d8;2023/08/02;02:00;0,198;;
d0fbcc1108d8;2023/08/02;03:00;0,210;;
d0fbcc1108d8;2023/08/02;04:00;0,204;;
d0fbcc1108d8;2023/08/02;05:00;0,188;;
d0fbcc1108d8;2023/08/02;06:00;0,180;;
d0fbcc1108d8;2023/08/02;07:00;0,163;;
d0fbcc1108d8;2023/08/02;08:00;0,163;;
d0fbcc1108d8;2023/08/02;09:00;0,184;;
d0fbcc1108d8;2023/08/02;10:00;0,202;;
d0fbcc1108d8;2023/08/02;11:00;0,249;;
d0fbcc1108d8;2023/08/02;12:00;0,222;;
d0fbcc1108d8;2023/08/02;13:00;0,193;;
d0fbcc1108d8;2023/08/02;14:00;0,194;;
d0fbcc1108d8;2023/08/02;15:00;0,163;;
d0fbcc1108d8;2023/08/02;16:00;0,182;;
d0fbcc1108d8;2023/08/02;17:00;0,198;;
d0fbcc1108d8;2023/08/02;18:00;0,185;;
d0fbcc1108d8;2023/08/02;19:00;0,227;;
d0fbcc1108d8;2023/08/02;20:00;0,172;;
d0fbcc1108d8;2023/08/02;21:00;0,205;;
d0fbcc1108d8;2023/08/02;22:00;0,205;;
d0fbcc1108d8;2023/08/02;23:00;0,212;;
d0fbcc1108d8;2023/08/02;24:00;0,242;;
d0fbcc1108d8;2023/08/03;01:00;0,297;;
d0fbcc1108d8;2023/08/03;02:00;0,302;;
d0fbcc1108d8;2023/08/03;03:00;0,254;;
d0fbcc1108d8;2023/08/03;04:00;0,208;;
d0fbcc1108d8;2023/08/03;05:00;0,165;;
d0fbcc1108d8;2023/08/03;06:00;0,174;;
d0fbcc1108d8;2023/08/03;07:00;0,181;;
d0fbcc1108d8;2023/08/03;08:00;0,207;;
d0fbcc1108d8;2023/08/03;09:00;0,188;;
d0fbcc1108d8;2023/08/03;10:00;0,158;;
d0fbcc1108d8;2023/08/03;11:00;0,167;;
d0fbcc1108d8;2023/08/03;12:00;0,205;;
d0fbcc1108d8;2023/08/03;13:00;0,163;;
d0fbcc1108d8;2023/08/03;14:00;0,167;;
d0fbcc1108d8;2023/08/03;15:00;0,162;;
d0fbcc1108d8;2023/08/03;16:00;0,226;;
d0fbcc1108d8;2023/08/03;17:00;0,193;;
d0fbcc1108d8;2023/08/03;18:00;0,205;;
d0fbcc1108d8;2023/08/03;19:00;0,229;;
d0fbcc1108d8;2023/08/03;20:00;0,217;;
d0fbcc1108d8;2023/08/03;21:00;0,160;;
d0fbcc1108d8;2023/08/03;22:00;0,157;;
d0fbcc1108d8;2023/08/03;23:00;0,174;;
d0fbcc1108d8;2023/08/03;24:00;0,182;;
d0fbcc1108d8;2023/08/04;01:00;0,170;;
d0fbcc1108d8;2023/08/04;02:00;0,259;;
d0fbcc1108d8;2023/08/04;03:00;0,178;;
d0fbcc1108d8;2023/08/04;04:00;0,140;;
d0fbcc1108d8;2023/08/04;05:00;0,185;;
d0fbcc1108d8;2023/08/04;06:00;0,206;;
d0fbcc1108d8;2023/08/04;07:00;0,160;;
d0fbcc1108d8;2023/08/04;08:00;0,142;;
d0fbcc1108d8;2023/08/04;09:00;0,146;;
d0fbcc1108d8;2023/08/04;10:00;0,150;;
d0fbcc1108d8;2023/08/04;11:00;0,143;;
d0fbcc1108d8;2023/08/04;12:00;0,174;;
d0fbcc1108d8;2023/08/04;13:00;0,149;;
d0fbcc1108d8;2023/08/04;14:00;0,149;;
d0fbcc1108d8;2023/08/04;15:00;0,163;;
d0fbcc1108d8;2023/08/04;16:00;0,149;;
d0fbcc1108d8;2023/08/04;17:00;0,150;;
d0fbcc1108d8;2023/08/04;18:00;0,185;;
d0fbcc1108d8;2023/08/04;19:00;0,189;;
d0fbcc1108d8;2023/08/04;20:00;0,152;;
d0fbcc1108d8;2023/08/04;21:00;0,152;;
d0fbcc1108d8;2023/08/04;22:00;0,149;;
d0fbcc1108d8;2023/08/04;23:00;0,140;;
d0fbcc1108d8;2023/08/04;24:00;0,158;;
d0fbcc1108d8;2023/08/05;01:00;0,165;;
d0fbcc1108d8;2023/08/05;02:00;0,166;;
d0fbcc1108d8;2023/08/05;03:00;0,229;;
d0fbcc1108d8;2023/08/05;04:00;0,146;;
d0fbcc1108d8;2023/08/05;05:00;0,150;;
d0fbcc1108d8;2023/08/05;06:00;0,135;;
d0fbcc1108d8;2023/08/05;07:00;0,180;;
d0fbcc1108d8;2023/08/05;08:00;0,175;;
d0fbcc1108d8;2023/08/05;09:00;0,149;;
d0fbcc1108d8;2023/08/05;10:00;0,135;;
d0fbcc1108d8;2023/08/05;11:00;0,141;;
d0fbcc1108d8;2023/08/05;12:00;0,148;;
d0fbcc1108d8;2023/08/05;13:00;0,132;;
d0fbcc1108d8;2023/08/05;14:00;0,150;;
d0fbcc1108d8;2023/08/05;15:00;0,135;;
d0fbcc1108d8;2023/08/05;16:00;0,146;;
d0fbcc1108d8;2023/08/05;17:00;0,144;;
d0fbcc1108d8;2023/08/05;18:00;0,144;;
d0fbcc1108d8;2023/08/05;19:00;0,147;;
d0fbcc1108d8;2023/08/05;20:00;0,154;;
d0fbcc1108d8;2023/08/05;21:00;0,202;;
d0fbcc1108d8;2023/08/05;22:00;0,172;;
d0fbcc1108d8;2023/08/05;23:00;0,153;;
d0fbcc1108d8;2023/08/05;24:00;0,151;;
